Taxon,Cluster
TEA_H331,5_1020_1036_1160
AusGEM_00376,5_1020_1036_1160
AUSMDU00008432,5_1020_1036_1160
AUSMDU00004814,5_1020_1036_1160
TEA_E2061,5_1020_1036_1160
TEA_H287,5_1020_1036_1160
TEA_2H_343_1,5_1020_1036_1160
AusGEM_01251,5_1020_1036_1160
AUSMDU00036800,5_1020_1036_1160
AUSMDU00039055,5_1020_1036_1160
AusGEM_00968,5_1020_1036_1160
AusGEM_01459,5_1020_1036_1160
TEA_E2606,5_1020_1036_1160
AUSMDU00044749,5_1020_1036_1160
AUSMDU00034344,5_1020_1036_1160
AUSMDU00004779,5_1020_1036_1160
AusGEM_00821,5_1020_1036_1160
AusGEM_00566,5_1020_1036_1160
AusGEM_01454,5_1020_1036_1160
TEA_2099_1_2,5_1020_1036_1160
AUSMDU00010771,5_1020_1036_1160
AusGEM_00998,5_1020_1036_1160
ERR5355582,5_1020_1036_1160
TEA_E8660,5_1020_1036_1160
AUSMDU00027204,5_1020_1036_1160
AUSMDU00008546,5_1020_1036_1160
SRR11612993,5_1020_1036_1160
SRR4067486,5_1020_1036_1160
TEA_E9141,5_1020_1036_1160
AUSMDU00007867,5_1020_1036_1160
AusGEM_01032,5_1020_1036_1160
AusGEM_00886,5_1020_1036_1160
TEA_E2016,5_1020_1036_1160
TEA_H190,5_1020_1036_1160
ERR5355964,5_1020_1036_1160
AUSMDU00008373,5_1020_1036_1160
TEA_M938,5_1020_1036_1160
TEA_H758,5_1020_1036_1160
AusGEM_01901,5_1020_1036_1160
SRR11341613,5_1020_1036_1160
SRR5936502,5_1020_1036_1160
TEA_2H_189_7,5_1020_1036_1160
TEA_B1900,5_1020_1036_1160
AUSMDU00010747,5_1020_1036_1160
SRR4067494,5_1020_1036_1160
TEA_C3_15,5_1020_1036_1160
AusGEM_00978,5_1020_1036_1160
SRR11080161,5_1020_1036_1160
AUSMDU00019868,5_1020_1036_1160
TEA_M919,5_1020_1036_1160
TEA_H521,5_1020_1036_1160
AUSMDU00019369,5_1020_1036_1160
TEA_8_2_Ti16_redo,5_1020_1036_1160
ERR5355875,5_1020_1036_1160
SRR8767520,5_1020_1036_1160
AUSMDU00010645,5_1020_1036_1160
TEA_H474,5_1020_1036_1160
AUSMDU00057561,5_1020_1036_1160
TEA_E2018,5_1020_1036_1160
TEA_E3071,5_1020_1036_1160
AUSMDU00019324,5_1020_1036_1160
SRR8359585,5_1020_1036_1160
AUSMDU00032717,5_1020_1036_1160
SRR6456041,5_1020_1036_1160
AUSMDU00070154,5_1020_1036_1160
AusGEM_01109,5_1020_1036_1160
AUSMDU00034734,5_1020_1036_1160
AusGEM_00367,5_1020_1036_1160
AusGEM_00320,5_1020_1036_1160
TEA_E2013,5_1020_1036_1160
AusGEM_01023,5_1020_1036_1160
TEA_TA119,5_1020_1036_1160
TEA_E5356,5_1020_1036_1160
TEA_E2014,5_1020_1036_1160
SRR7724817,5_1020_1036_1160
TEA_B1056,5_1020_1036_1160
SRR14160907,5_1020_1036_1160
AUSMDU00060073,5_1020_1036_1160
AusGEM_01478,5_1020_1036_1160
AusGEM_01455,5_1020_1036_1160
TEA_B1851,5_1020_1036_1160
TEA_2H_277_1,5_1020_1036_1160
AUSMDU00034346,5_1020_1036_1160
AusGEM_01456,5_1020_1036_1160
AUSMDU00041426,5_1020_1036_1160
AusGEM_01466,5_1020_1036_1160
AUSMDU00037491,5_1020_1036_1160
TEA_E5021,5_1020_1036_1160
AusGEM_00182,5_1020_1036_1160
TEA_327_7,5_1020_1036_1160
AusGEM_00997,5_1020_1036_1160
AUSMDU00046205,5_1020_1036_1160
AusGEM_00010,5_1020_1036_1160
TEA_C3_13,5_1020_1036_1160
AusGEM_00321,5_1020_1036_1160
AUSMDU00039407,5_1020_1036_1160
TEA_2099_1_1,5_1020_1036_1160
TEA_C3_14,5_1020_1036_1160
TEA_Bris_5B,5_1020_1036_1160
AUSMDU00065767,5_1020_1036_1160
AUSMDU00008622,5_1020_1036_1160
AUSMDU00004797,5_1020_1036_1160
AusGEM_00868,5_1020_1036_1160
AUSMDU00026879,5_1020_1036_1160
AUSMDU00034381,5_1020_1036_1160
AusGEM_01297,5_1020_1036_1160
TEA_2H_319_6,5_1020_1036_1160
AusGEM_00652,5_1020_1036_1160
AUSMDU00022400,5_1020_1036_1160
TEA_M662,5_1020_1036_1160
TEA_A4_49,5_1020_1036_1160
AUSMDU00037793,5_1020_1036_1160
TEA_2099_2_1,5_1020_1036_1160
AusGEM_01471,5_1020_1036_1160
TEA_B1036,5_1020_1036_1160
AusGEM_01872,5_1020_1036_1160
AusGEM_01014,5_1020_1036_1160
SRR14160890,5_1020_1036_1160
TEA_C1_33,5_1020_1036_1160
AUSMDU00016533,5_1020_1036_1160
TEA_H668,5_1020_1036_1160
TEA_E3809,5_1020_1036_1160
AusGEM_00624,5_1020_1036_1160
AUSMDU00066304,5_1020_1036_1160
AusGEM_01488,5_1020_1036_1160
AusGEM_01458,5_1020_1036_1160
AusGEM_01548,5_1020_1036_1160
AUSMDU00026875,5_1020_1036_1160
SRR14160894,5_1020_1036_1160
AUSMDU00049068,5_1020_1036_1160
AusGEM_00635,5_1020_1036_1160
TEA_E258,5_1020_1036_1160
AusGEM_00340,5_1020_1036_1160
AUSMDU00029683,5_1020_1036_1160
AUSMDU00039105,5_1020_1036_1160
AUSMDU00018199,5_1020_1036_1160
TEA_E2712,5_1020_1036_1160
TEA_E2009,5_1020_1036_1160
AUSMDU00022392,5_1020_1036_1160
TEA_E8988,5_1020_1036_1160
AusGEM_00399,5_1020_1036_1160
SRR14160812,5_1020_1036_1160
SRR14160809,5_1020_1036_1160
TEA_B1921,5_1020_1036_1160
AUSMDU00034370,5_1020_1036_1160
AusGEM_01464,5_1020_1036_1160
AusGEM_00345,5_1020_1036_1160
AUSMDU00022966,5_1020_1036_1160
AUSMDU00010643,5_1020_1036_1160
TEA_E9742,5_1020_1036_1160
TEA_E2085,5_1020_1036_1160
AUSMDU00009732,5_1020_1036_1160
AUSMDU00016531,5_1020_1036_1160
SRR14160842,5_1020_1036_1160
SRR14160887,5_1020_1036_1160
TEA_E7185,5_1020_1036_1160
AUSMDU00017097,5_1020_1036_1160
TEA_E9791,5_1020_1036_1160
SRR7724689,5_1020_1036_1160
TEA_E7267,5_1020_1036_1160
TEA_H562,5_1020_1036_1160
SRR6455967,5_1020_1036_1160
TEA_E6882,5_1020_1036_1160
AUSMDU00065918,5_1020_1036_1160
AusGEM_01339,5_1020_1036_1160
AUSMDU00030690,5_1020_1036_1160
AusGEM_00859,5_1020_1036_1160
AusGEM_01925,5_1020_1036_1160
AusGEM_01460,5_1020_1036_1160
AusGEM_01873,5_1020_1036_1160
AUSMDU00008540,5_1020_1036_1160
AUSMDU00014188,5_1020_1036_1160
TEA_A3_74,5_1020_1036_1160
AUSMDU00008272,5_1020_1036_1160
TEA_2H_157_1,5_1020_1036_1160
AUSMDU00019690,5_1020_1036_1160
AusGEM_00319,5_1020_1036_1160
AUSMDU00016184,5_1020_1036_1160
TEA_M729,5_1020_1036_1160
AUSMDU00037018,5_1020_1036_1160
TEA_M927,5_1020_1036_1160
AusGEM_01472,5_1020_1036_1160
TEA_A4_15,5_1020_1036_1160
TEA_C3_9,5_1020_1036_1160
AUSMDU00044335,5_1020_1036_1160
AusGEM_01233,5_1020_1036_1160
SRR6455985,5_1020_1036_1160
AUSMDU00011714,5_1020_1036_1160
SRR4067467,5_1020_1036_1160
AUSMDU00027179,5_1020_1036_1160
AusGEM_01462,5_1020_1036_1160
AusGEM_01842,5_1020_1036_1160
AUSMDU00038660,5_1020_1036_1160
SRR11094188,5_1020_1036_1160
SRR14160803,5_1020_1036_1160
AUSMDU00021665,5_1020_1036_1160
AusGEM_00855,5_1020_1036_1160
SRR7724660,5_1020_1036_1160
AUSMDU00034372,5_1020_1036_1160
SRR11341623,5_1020_1036_1160
TEA_E9138,5_1020_1036_1160
AusGEM_01108,5_1020_1036_1160
SRR7724616,5_1020_1036_1160
AusGEM_02010,5_1020_1036_1160
TEA_327_1,5_1020_1036_1160
TEA_H158,5_1020_1036_1160
TEA_C4_17,5_1020_1036_1160
AUSMDU00007870,5_1020_1036_1160
SRR8359551,5_1020_1036_1160
TEA_M757,5_1020_1036_1160
AusGEM_00397,5_1020_1036_1160
AUSMDU00019928,5_1020_1036_1160
AusGEM_01470,5_1020_1036_1160
SRR14160861,5_1020_1036_1160
AUSMDU00035626,5_1020_1036_1160
AUSMDU00021638,5_1020_1036_1160
TEA_E4173,5_1020_1036_1160
AUSMDU00015833,5_1020_1036_1160
ERR5355683,5_1020_1036_1160
TEA_M682,5_1020_1036_1160
AusGEM_01717,5_1020_1036_1160
SRR7724809,5_1020_1036_1160
SRR8359556,5_1020_1036_1160
SRR4067473,5_1020_1036_1160
AusGEM_01999,5_1020_1036_1160
ERR5355837,5_1020_1036_1160
TEA_65_2_AC1,5_1020_1036_1160
AUSMDU00008959,5_1020_1036_1160
AUSMDU00011339,5_1020_1036_1160
AusGEM_01019,5_1020_1036_1160
TEA_E8382,5_1020_1036_1160
TEA_H646,5_1020_1036_1160
SRR14160866,5_1020_1036_1160
TEA_B1925,5_1020_1036_1160
TEA_E2065,5_1020_1036_1160
AusGEM_01403,5_1020_1036_1160
AUSMDU00026910,5_1020_1036_1160
AUSMDU00021244,5_1020_1036_1160
AUSMDU00016934,5_1020_1036_1160
AUSMDU00015697,5_1020_1036_1160
TEA_C3_6,5_1020_1036_1160
AUSMDU00042437,5_1020_1036_1160
TEA_2106_2_1,5_1020_1036_1160
TEA_H645,5_1020_1036_1160
AUSMDU00009216,5_1020_1036_1160
AusGEM_00151,5_1020_1036_1160
AUSMDU00036067,5_1020_1036_1160
SRR7724685,5_1020_1036_1160
AUSMDU00007524,5_1020_1036_1160
AUSMDU00037327,5_1020_1036_1160
TEA_H738,5_1020_1036_1160
AusGEM_00222,5_1020_1036_1160
AUSMDU00015750,5_1020_1036_1160
TEA_H035,5_1020_1036_1160
AusGEM_01325,5_1020_1036_1160
AusGEM_01874,5_1020_1036_1160
AusGEM_00264,5_1020_1036_1160
AusGEM_00271,5_1020_1036_1160
AUSMDU00015602,5_1020_1036_1160
AusGEM_00471,5_1020_1036_1160
SRR14160893,5_1020_1036_1160
AusGEM_00563,5_1020_1036_1160
AusGEM_00971,5_1020_1036_1160
SRR11341611,5_1020_1036_1160
AusGEM_01463,5_1020_1036_1160
SRR7724703,5_1020_1036_1160
AusGEM_00280,5_1020_1036_1160
AUSMDU00034345,5_1020_1036_1160
AusGEM_00933,5_1020_1036_1160
SRR12123270,5_1020_1036_1160
AUSMDU00040860,5_1020_1036_1160
AusGEM_00972,5_1020_1036_1160
AusGEM_01461,5_1020_1036_1160
TEA_64_3_AC10,5_1020_1036_1160
AUSMDU00065381,5_1020_1036_1160
AUSMDU00026940,5_1020_1036_1160
AUSMDU00017424,4
AUSMDU00048703,4
AUSMDU00015718,4
SRR7724563,4
SRR7724804,4
AusGEM_01272,4
AUSMDU00021209,4
SRR7724681,4
AUSMDU00019504,4
AUSMDU00015771,4
AUSMDU00020089,4
AUSMDU00015799,4
AusGEM_01915,4
AUSMDU00012375,4
AUSMDU00010673,4
AUSMDU00015599,4
AUSMDU00016510,4
TEA_A1_49,4
AusGEM_00608,4
AUSMDU00020027,4
AUSMDU00013445,4
AusGEM_00848,4
AUSMDU00017095,4
AUSMDU00007417,4
AUSMDU00015846,4
AUSMDU00017840,4
AUSMDU00034479,4
AusGEM_01900,4
AusGEM_01922,4
ERR161263,4
AUSMDU00059587,4
AUSMDU00010649,4
AUSMDU00011690,4
AUSMDU00022949,4
AUSMDU00015996,4
AusGEM_01941,4
AusGEM_01883,4
AUSMDU00017776,4
AusGEM_01129,4
ERR161266,4
AusGEM_01952,4
AusGEM_01953,4
AUSMDU00007517,4
AUSMDU00016438,4
AUSMDU00016177,4
ERR5355877,4
AusGEM_01957,4
SRR7724842,4
AUSMDU00012787,4
AUSMDU00010590,4
AusGEM_01240,4
AusGEM_01962,4
AUSMDU00070166,4
AUSMDU00009582,4
AUSMDU00061451,4
AUSMDU00016157,4
AusGEM_01928,4
AUSMDU00011364,4
SRR7828751,4
AUSMDU00038939,4
AUSMDU00032387,4
AUSMDU00011689,4
AUSMDU00010591,4
AUSMDU00057100,4
AUSMDU00015756,4
AUSMDU00022556,4
AUSMDU00021243,4
AUSMDU00015805,4
ERR5355785,4
AUSMDU00022779,4
AUSMDU00011872,4
AUSMDU00021660,4
AUSMDU00023207,4
AusGEM_01541,4
AUSMDU00019193,4
AUSMDU00021640,4
AUSMDU00013731,4
AUSMDU00020295,4
AUSMDU00023160,4
AUSMDU00010811,4
SRR11341647,4
AUSMDU00008537,4
AUSMDU00011380,4
AUSMDU00046955,4
SRR5936491,4
AUSMDU00022679,4
AusGEM_00035,4
AUSMDU00008451,4
AUSMDU00018168,4
AusGEM_01958,4
TEA_B127,4
ERR161277,4
AUSMDU00020296,4
AUSMDU00011310,4
AUSMDU00011816,4
TEA_B1547,4
ERR5355952,4
AUSMDU00059198,4
AusGEM_01949,4
AusGEM_01534,4
TEA_72_2_AC9,4
ERR5355620,4
AUSMDU00065586,4
AUSMDU00019345,4
AUSMDU00010931,4
AUSMDU00023219,4
TEA_72_3_TC1,4
AUSMDU00038475,4
SRR5936484,4
ERR5355765,4
AUSMDU00012377,4
AUSMDU00043768,4
AUSMDU00021201,4
AUSMDU00039680,4
AusGEM_00601,4
AUSMDU00020026,4
ERR161262,4
SRR7724813,4
AusGEM_00785,4
AUSMDU00010654,4
AUSMDU00010592,4
AUSMDU00023634,4
AUSMDU00015811,4
AUSMDU00012230,4
AUSMDU00008590,4
AUSMDU00019968,4
AusGEM_01243,4
SRR7724679,4
AUSMDU00016924,4
AUSMDU00019354,4
AUSMDU00010600,4
AUSMDU00035601,4
SRR11341638,4
AUSMDU00016427,4
AusGEM_01929,4
AUSMDU00017234,4
AUSMDU00016141,4
AUSMDU00015570,4
SRR7724649,4
AusGEM_01978,4
AUSMDU00007445,4
ERR5355984,4
SRR7828668,4
SRR11608165,4
AUSMDU00016000,4
AUSMDU00018542,4
ERR5355686,4
ERR5355772,4
AusGEM_01336,4
AUSMDU00017100,4
AUSMDU00019929,4
AUSMDU00021652,4
AusGEM_02011,4
AUSMDU00015798,4
AusGEM_00644,4
SRR11608164,4
ERR5355755,4
AUSMDU00010462,4
AUSMDU00034358,4
AUSMDU00047960,4
AUSMDU00019500,4
AUSMDU00022566,4
AUSMDU00007297,4
AUSMDU00013444,4
AUSMDU00046684,4
AUSMDU00007438,4
SRR11094230,4
AUSMDU00022405,4
SRR11608169,4
AUSMDU00010783,4
SRR7724623,4
AUSMDU00011688,4
AUSMDU00048244,4
ERR161253,4
AusGEM_01210,4
ERR5355638,4
ERR5355888,4
ERR5355613,4
AUSMDU00059974,4
AUSMDU00022969,4
AusGEM_01932,4
AusGEM_02024,4
ERR161272,4
AUSMDU00016634,4
AUSMDU00023510,4
AUSMDU00010817,4
SRR11341643,4
AUSMDU00007851,4
AUSMDU00015847,4
ERR537636,4
AusGEM_01954,4
AUSMDU00067147,4
AUSMDU00011213,4
AusGEM_01399,4
AusGEM_01948,4
AUSMDU00070153,4
AUSMDU00007857,4
AUSMDU00019357,4
AUSMDU00017120,4
AUSMDU00008616,4
AUSMDU00010660,4
AUSMDU00019678,4
AUSMDU00046788,4
SRR7724629,4
AUSMDU00011366,4
ERR161304,4
AUSMDU00019364,4
ERR5355711,4
AusGEM_00505,4
AUSMDU00020024,4
AUSMDU00022682,4
AusGEM_01940,4
AUSMDU00016014,4
AUSMDU00015809,4
AusGEM_00346,4
ERR5355912,4
AUSMDU00021046,4
AUSMDU00019175,4
AUSMDU00038476,4
SRR11608166,4
AUSMDU00017962,4
AUSMDU00046230,4
AUSMDU00017248,4
AUSMDU00018821,4
AUSMDU00067647,4
AusGEM_01281,4
AUSMDU00017268,4
AusGEM_01960,4
AUSMDU00007522,4
AUSMDU00016002,4
AUSMDU00020287,4
AusGEM_01360,4
AUSMDU00021246,4
AUSMDU00014865,4
AUSMDU00011890,4
TEA_W1_65,4
AUSMDU00019351,4
ERR5355584,4
AUSMDU00039343,4
AusGEM_01934,4
AUSMDU00015554,4
AUSMDU00019229,4
AUSMDU00008004,4
AUSMDU00011825,4
AUSMDU00008403,4
AUSMDU00007430,4
AusGEM_01447,4
SRR7828713,4
AUSMDU00011173,4
AUSMDU00016859,4
AUSMDU00015598,4
AUSMDU00015544,4
AUSMDU00019857,4
AUSMDU00059225,4
AusGEM_00765,4
AUSMDU00015828,4
ERR5355634,4
AusGEM_01961,4
AUSMDU00016283,4
AUSMDU00040616,4
SRR7828714,4
ERR5355826,4
SRR7724807,4
SRR7828742,4
SRR11608158,4
AUSMDU00048793,4
AUSMDU00020385,4
AUSMDU00020294,4
AUSMDU00063653,4
AUSMDU00010809,4
AUSMDU00020483,4
AUSMDU00024980,4
AUSMDU00017430,4
AUSMDU00019218,4
AUSMDU00008410,4
AUSMDU00012229,4
AUSMDU00015705,4
AUSMDU00021241,4
AUSMDU00034352,4
AUSMDU00018863,4
AUSMDU00060229,4
SRR5936496,4
AUSMDU00042359,4
AUSMDU00010599,4
AUSMDU00014854,4
AUSMDU00016156,4
AUSMDU00018819,4
AUSMDU00015759,4
SRR13236432,4
AUSMDU00007440,4
AUSMDU00010674,4
AUSMDU00008607,4
AUSMDU00019370,4
AUSMDU00022403,4
AUSMDU00015764,4
AUSMDU00022563,4
ERR5355600,4
AUSMDU00017737,4
AUSMDU00060808,4
AUSMDU00022551,4
AUSMDU00070158,4
AusGEM_02005,4
AUSMDU00016439,4
AUSMDU00017426,4
AUSMDU00015254,4
SRR11094228,4
ERR161278,4
AUSMDU00034364,4
AUSMDU00016160,4
AUSMDU00014862,4
AUSMDU00020304,4
AUSMDU00016144,4
AUSMDU00018818,4
AusGEM_01942,4
AUSMDU00015588,4
AUSMDU00015749,4
ERR5355736,4
AUSMDU00007523,4
AusGEM_01945,4
SRR11608156,4
AusGEM_00784,4
ERR5355862,4
AUSMDU00019347,4
TEA_C2_116,4
AUSMDU00015814,4
AusGEM_01302,4
AUSMDU00019332,4
AusGEM_01893,4
AUSMDU00037923,4
SRR4067487,4
SRR5936494,4
AUSMDU00007569,4
AUSMDU00019838,4
AUSMDU00017269,4
AusGEM_01540,4
AUSMDU00015601,4
AUSMDU00015553,4
AusGEM_00585,4
ERR5355838,4
AUSMDU00047659,4
ERR5355828,4
AusGEM_00843,4
TEA_55_1_Ti19,4
AUSMDU00020091,4
AusGEM_01946,4
AUSMDU00022385,4
AusGEM_01918,4
AUSMDU00007306,4
ERR5355917,4
SRR11094156,4
AusGEM_01105,4
AUSMDU00010642,4
AUSMDU00016158,4
AUSMDU00008531,4
AusGEM_01896,4
SRR11094210,4
ERR5355923,4
AUSMDU00011862,4
AUSMDU00008406,4
AUSMDU00067243,4
AUSMDU00019235,4
AUSMDU00015597,4
AUSMDU00034098,4
ERR5355925,4
AUSMDU00012228,4
AUSMDU00020390,4
AUSMDU00021684,4
AUSMDU00021054,4
AUSMDU00031884,4
ERR5355729,4
SRR7828848,4
AUSMDU00016169,4
AUSMDU00041715,4
ERR5355916,4
SRR7724766,4
AUSMDU00016920,4
AUSMDU00019967,4
AusGEM_02044,4
AUSMDU00015271,4
AUSMDU00022919,4
AUSMDU00034355,4
AUSMDU00016170,4
AUSMDU00015792,4
AUSMDU00015998,4
ERR5355854,4
AUSMDU00020094,4
AUSMDU00034031,4
AusGEM_00833,4
AusGEM_00824,4
AUSMDU00015666,4
ERR5355780,4
SRR7724756,4
ERR5355805,4
SRR7724749,4
AUSMDU00010801,4
AUSMDU00010930,4
AUSMDU00019560,4
AUSMDU00016282,4
AusGEM_01318,4
SRR5936512,4
AUSMDU00020477,4
AusGEM_01951,4
AUSMDU00016512,4
AUSMDU00027031,4
AUSMDU00067497,4
AUSMDU00011712,4
AUSMDU00016433,4
AusGEM_01304,4
AUSMDU00020484,4
AUSMDU00008416,4
AUSMDU00017425,4
AUSMDU00018798,4
AUSMDU00023228,4
AUSMDU00007334,4
ERR5355931,4
AusGEM_01316,4
AUSMDU00021457,4
AUSMDU00015562,4
SRR11080157,4
TEA_55_1_AU4,4
AUSMDU00021890,4
AUSMDU00063310,4
AUSMDU00022542,4
TEA_W1_57b,4
AUSMDU00017429,4
AusGEM_00339,4
AUSMDU00007866,4
ERR5355915,4
AUSMDU00041915,4
AUSMDU00048375,4
AUSMDU00016922,4
ERR5355666,4
AUSMDU00015818,4
AUSMDU00034357,4
AUSMDU00016921,4
AusGEM_00727,4
AUSMDU00014023,4
AusGEM_01315,4
AUSMDU00012379,4
AUSMDU00021636,4
AUSMDU00022389,4
AUSMDU00008381,4
AusGEM_00743,4
AusGEM_01385,4
AUSMDU00016516,4
SRR7828753,4
AUSMDU00019217,4
AUSMDU00016284,4
ERR5355709,4
AUSMDU00008273,4
AUSMDU00042379,4
TEA_B1573,4
AUSMDU00019308,4
AUSMDU00065273,4
AUSMDU00005026,4
ERR5355710,4
SRR7724820,4
ERR161265,4
AusGEM_00593,4
AUSMDU00007859,4
AUSMDU00011308,4
AUSMDU00016148,4
ERR5355694,4
AUSMDU00010932,4
AUSMDU00013816,4
AUSMDU00022555,4
AUSMDU00026534,4
SRR7828749,4
AUSMDU00038534,4
AUSMDU00011316,4
AUSMDU00021639,4
AUSMDU00017096,4
AUSMDU00034353,4
AUSMDU00015681,4
SRR7724822,4
AUSMDU00034396,4
AUSMDU00017101,4
AUSMDU00010777,4
AUSMDU00027070,4
AUSMDU00035248,4
AUSMDU00020090,4
AUSMDU00034354,4
AUSMDU00015701,4
AusGEM_01899,4
AUSMDU00047849,4
AusGEM_01956,4
ERR161252,4
AUSMDU00020278,4
AusGEM_00808,4
ERR5355691,4
AusGEM_01535,4
AusGEM_01537,4
AUSMDU00007520,4
ERR161303,4
ERR5355978,4
AUSMDU00015689,4
AUSMDU00017844,4
AUSMDU00019684,4
AusGEM_00849,4
AUSMDU00020302,4
AUSMDU00019366,4
AusGEM_01225,4
ERR161305,4
AUSMDU00015826,4
AUSMDU00016952,4
AUSMDU00010594,4
AUSMDU00010935,4
AUSMDU00019230,4
AusGEM_01947,4
AUSMDU00016899,4
ERR161276,4
SRR7828844,4
AUSMDU00015702,4
AUSMDU00017137,4
TEA_M714,4
SRR11608168,4
AUSMDU00019980,4
AUSMDU00065919,4
AusGEM_01894,4
AUSMDU00019353,4
ERR161261,4
SRR933539,4
AUSMDU00034359,4
SRR11608159,4
AUSMDU00019215,4
AUSMDU00008635,4
AUSMDU00019302,4
AUSMDU00022557,4
AUSMDU00008205,4
AusGEM_01950,4
SRR7828845,4
AUSMDU00036805,4
AUSMDU00017427,4
SRR11094203,4
AUSMDU00032460,4
AUSMDU00031978-B,4
AUSMDU00014866,4
AUSMDU00015999,4
AusGEM_02033,4
SRR7828846,4
ERR5355704,4
ERR5355614,4
AUSMDU00056202,4
AUSMDU00014720,4
ERR5355687,4
SRR7724732,4
AUSMDU00013447,4
SRR7724635,4
AUSMDU00019350,4
AUSMDU00019236,4
AUSMDU00011867,4
AUSMDU00010595,4
AUSMDU00064126,4
ERR5355764,4
AUSMDU00010788,4
AusGEM_01920,4
AUSMDU00017139,4
AusGEM_00835,4
AUSMDU00031862,4
AUSMDU00016901,4
AUSMDU00010934,4
AUSMDU00017142,4
AUSMDU00010601,4
AUSMDU00019241,4
ERR5355834,4
ERR161271,4
ERR5355689,4
ERR5355936,4
SRR11094216,4
AUSMDU00011378,4
AusGEM_01935,4
AUSMDU00016005,4
AUSMDU00034366,4
AUSMDU00011694,4
AUSMDU00019219,4
AUSMDU00024068,4
AUSMDU00016636,4
AUSMDU00015594,4
AUSMDU00009748,4
AUSMDU00022545,4
ERR5355910,4
AUSMDU00008426,4
SRR11094214,4
ERR5355926,4
AUSMDU00023316,4
AusGEM_01214,4
ERR5355688,4
AUSMDU00020499,4
ERR5355863,4
AUSMDU00058243,4
AUSMDU00016166,4
AusGEM_01993,4
ERR5355599,4
ERR5355855,4
AUSMDU00010644,4
SRR7724668,4
AusGEM_01282,4
AUSMDU00019173,4
SRR7724608,4
AUSMDU00011700,4
ERR5355911,4
AUSMDU00018477,4
AUSMDU00019749,4
AUSMDU00011372,4
AUSMDU00010578,4
AUSMDU00011824,4
AUSMDU00017147,4
ERR161270,4
AUSMDU00016440,4
AUSMDU00022081,4
AUSMDU00015266,4
AUSMDU00067527,4
AUSMDU00016454,4
AUSMDU00015760,4
AUSMDU00022383,4
AusGEM_01328,4
AUSMDU00011305,4
ERR5355812,4
ERR5355977,4
AUSMDU00013443,4
AUSMDU00015816,4
AUSMDU00022386,4
AUSMDU00070156,4
AusGEM_02019,4
AusGEM_01536,4
AUSMDU00011379,4
AusGEM_01944,4
AUSMDU00008422,4
AUSMDU00017249,4
AUSMDU00010652,4
SRR11608157,4
ERR161275,4
AUSMDU00034110,4
AUSMDU00017959,4
AUSMDU00015690,4
AUSMDU00016167,4
AUSMDU00015808,4
AusGEM_02017,4
AUSMDU00023215,4
AUSMDU00018823,4
AusGEM_01921,4
TEA_55_1_TC9,4
ERR5355758,4
SRR11608155,4
AUSMDU00013946,4
AusGEM_01938,4
AUSMDU00018285,4
AUSMDU00010576,4
AUSMDU00015558,4
SRR7724658,4
AUSMDU00010577,4
AUSMDU00022558,4
AUSMDU00045069,4
SRR5936488,4
TEA_C3_29,4
AUSMDU00020292,4
AusGEM_02009,4
AUSMDU00011687,4
AUSMDU00022084,4
AUSMDU00060959,4
TEA_C4_100,4
AUSMDU00029408,4
AusGEM_01955,4
ERR5355846,4
AUSMDU00007342,4
SRR6456034,4
AUSMDU00016281,4
AusGEM_00889,4
AUSMDU00019371,4
AUSMDU00018645,4
AUSMDU00023212,4
AUSMDU00010641,4
AUSMDU00027042,4
AUSMDU00021866,4
SRR11608161,4
AUSMDU00064933,4
SRR7724746,4
AUSMDU00007865,4
AusGEM_01905,4
AUSMDU00022683,4
ERR5355886,4
ERR5355725,4
AusGEM_00746,4
ERR161273,4
AUSMDU00011889,4
AUSMDU00019227,4
AUSMDU00018865,4
AusGEM_01895,4
AUSMDU00013844,4
ERR5355802,4
AUSMDU00019972,4
AUSMDU00021642,4
AusGEM_00638,4
SRR7828698,4
AusGEM_01377,4
AusGEM_01977,4
AUSMDU00023162,4
AusGEM_01533,4
AUSMDU00016175,4
TEA_H244,9_1394
AusGEM_00099,9_1394
TEA_39_1_AC10,9_1394
AusGEM_00327,9_1394
AUSMDU00003583,9_1394
AusGEM_01286,9_1394
TEA_BS76,9_1394
AusGEM_01118,9_1394
ERR5355871,9_1394
TEA_H552,9_1394
TEA_5_1_TC12,9_1394
TEA_H151,9_1394
TEA_H437,9_1394
AusGEM_01349,9_1394
AusGEM_00128,9_1394
AusGEM_00324,9_1394
AusGEM_00131,9_1394
AusGEM_01392,9_1394
TEA_W4_37,9_1394
TEA_M638178,9_1394
ERR5355882,9_1394
AusGEM_01156,9_1394
SRR13236433,9_1394
AusGEM_00227,9_1394
TEA_M663940,9_1394
AusGEM_01200,9_1394
SRR7828669,9_1394
AusGEM_00083,9_1394
TEA_H144,9_1394
AusGEM_01971,9_1394
AusGEM_01394,9_1394
TEA_H112,9_1394
AusGEM_01446,9_1394
AusGEM_01996,9_1394
TEA_70_4_DC20,9_1394
TEA_W4_32,9_1394
AusGEM_01218,9_1394
AusGEM_01121,9_1394
SRR7828831,9_1394
TEA_5_2_R8,9_1394
AUSMDU00008442,9_1394
TEA_M671335,9_1394
TEA_C3_28,9_1394
TEA_M675220,9_1394
AusGEM_00314,9_1394
AusGEM_00477,9_1394
AusGEM_01384,9_1394
AusGEM_00126,9_1394
AusGEM_01386,9_1394
AusGEM_01148,9_1394
AUSMDU00011324,9_1394
AusGEM_00154,9_1394
AUSMDU00048172,9_1394
AusGEM_00089,9_1394
AusGEM_00159,9_1394
AusGEM_00125,9_1394
TEA_70_5_R4,9_1394
TEA_BS58,9_1394
AusGEM_00318,9_1394
TEA_61_2_AC9,9_1394
ERR5355727,9_1394
AusGEM_02015,9_1394
TEA_DMG_2012,9_1394
AusGEM_01172,9_1394
TEA_E2059,9_1394
AusGEM_00127,9_1394
TEA_M673438,9_1394
TEA_H077,9_1394
AusGEM_01909,9_1394
TEA_M653497,9_1394
TEA_H008,9_1394
AusGEM_00335,9_1394
TEA_CD_34_LN,9_1394
ERR5355944,9_1394
TEA_BS142,9_1394
TEA_E7087,9_1394
TEA_H062,9_1394
AUSMDU00005897,9_1394
SRR4067502,9_1394
AusGEM_01312,9_1394
AusGEM_00627,9_1394
AusGEM_00133,9_1394
TEA_C4_34,9_1394
TEA_45_1_Ti1,9_1394
AusGEM_00270,9_1394
TEA_2H_68_14,9_1394
TEA_M638488,9_1394
AusGEM_00631,9_1394
AusGEM_01144,9_1394
AusGEM_00124,9_1394
TEA_BS45,9_1394
TEA_H104,9_1394
TEA_62_2_Ti6b,9_1394
AusGEM_00316,9_1394
TEA_BS117,9_1394
TEA_BS11,9_1394
TEA_35_9_Ti14,9_1394
AusGEM_00001,9_1394
AusGEM_01937,9_1394
AusGEM_01396,9_1394
ERR5355782,9_1394
TEA_M710019,9_1394
TEA_BS20,9_1394
AusGEM_00153,9_1394
TEA_W4_39,9_1394
ERR5355810,9_1394
TEA_2H_31_1,9_1394
TEA_H355,9_1394
TEA_W2_49,9_1394
TEA_2H_265_13,9_1394
TEA_E7615,9_1394
ERR5355804,9_1394
AusGEM_01437,9_1394
TEA_40_3_R7,9_1394
AusGEM_00072,9_1394
TEA_M666694,9_1394
TEA_CD_27_IM1,9_1394
AusGEM_00269,9_1394
TEA_W2_53,9_1394
AUSMDU00036826,9_1394
TEA_61_1_Ti1,9_1394
TEA_M668546,9_1394
TEA_BS157,9_1394
TEA_M665752,9_1394
AusGEM_01898,9_1394
TEA_M676943,9_1394
TEA_C2_110,9_1394
ERR5355932,9_1394
AusGEM_01239,9_1394
TEA_6_1_TC16,9_1394
ERR5355705,9_1394
TEA_H219,9_1394
AusGEM_00152,9_1394
AusGEM_00317,9_1394
AusGEM_00226,9_1394
TEA_W1_58,9_1394
AusGEM_00030,9_1394
ERR5355722,9_1394
SRR4067507,9_1394
TEA_56_2_AC5,9_1394
AusGEM_01371,9_1394
TEA_BS17,9_1394
AusGEM_02041,9_1394
AUSMDU00070163,9_1394
AusGEM_01998,9_1394
TEA_M660875,9_1394
TEA_E9345,9_1394
TEA_H365,9_1394
AusGEM_00165,9_1394
ERR5355971,9_1394
AusGEM_00739,9_1394
TEA_H154,9_1394
AusGEM_00331,9_1394
SRR4067492,9_1394
AusGEM_02053,9_1394
TEA_2H_327_14,9_1394
AusGEM_00332,9_1394
AusGEM_00079,9_1394
TEA_H087,9_1394
AusGEM_01260,9_1394
AusGEM_01163,9_1394
AusGEM_00121,9_1394
AUSMDU00016011,9_1394
TEA_H434,9_1394
ERR5355928,9_1394
AusGEM_00268,9_1394
ERR5355742,9_1394
AusGEM_00328,9_1394
AusGEM_02030,9_1394
AusGEM_00737,9_1394
AusGEM_00329,9_1394
TEA_M652995,9_1394
TEA_H140,9_1394
AusGEM_00470,9_1394
TEA_C3_27,9_1394
AUSMDU00040840,9_1394
TEA_M658539,9_1394
ERR5355919,9_1394
TEA_A1_66,9_1394
TEA_W4_35,9_1394
AusGEM_01212,9_1394
ERR5355894,9_1394
AusGEM_00132,9_1394
AusGEM_00841,9_1394
TEA_46_1_Ti2,9_1394
AUSMDU00023211,9_1394
AusGEM_01984,9_1394
AusGEM_01338,9_1394
TEA_H358,9_1394
TEA_BS87,9_1394
AusGEM_00810,9_1394
TEA_40_1_R9,9_1394
AusGEM_01980,9_1394
AusGEM_00508,9_1394
TEA_C4_35,9_1394
AusGEM_01376,9_1394
AusGEM_00325,9_1394
SRR7724574,9_1394
TEA_W2_47,9_1394
AusGEM_00498,9_1394
AusGEM_00753,9_1394
AusGEM_00697,9_1394
AusGEM_00129,9_1394
ERR5355858,9_1394
TEA_M663105,9_1394
AusGEM_00164,9_1394
TEA_H148,9_1394
AusGEM_00333,9_1394
ERR5355958,9_1394
AusGEM_00573,9_1394
TEA_C2_117,9_1394
TEA_M638866,9_1394
TEA_H083,9_1394
ERR5355632,9_1394
TEA_M663475,9_1394
TEA_BS84,9_1394
TEA_C4_33,9_1394
AusGEM_01435,9_1394
TEA_52_1_Ti3,9_1394
AusGEM_00330,9_1394
ERR5355857,9_1394
TEA_2H_276_5,9_1394
ERR5355602,9_1394
TEA_E8766,9_1394
AusGEM_01290,9_1394
AusGEM_01114,9_1394
TEA_H249,9_1394
TEA_BS36,9_1394
SRR4067495,9_1394
AusGEM_01253,9_1394
AusGEM_00163,9_1394
AusGEM_01878,9_1394
TEA_CD_62_LN,9_1394
TEA_H648,9_1394
TEA_M664361,9_1394
AusGEM_02016,9_1394
AusGEM_00742,9_1394
ERR5355872,9_1394
TEA_W4_33,9_1394
SRR17085832,9_1394
AusGEM_00334,9_1394
AusGEM_01449,9_1394
ERR5355906,9_1394
AUSMDU00022804,9_1394
TEA_M644693,9_1394
TEA_BS165,9_1394
AusGEM_00827,9_1394
TEA_H022,9_1394
AusGEM_01416,9_1394
TEA_39_2_Ti18,9_1394
TEA_M587877,9_1394
AusGEM_00763,9_1394
AusGEM_01171,9_1394
TEA_B525,9_1394
AusGEM_02027,9_1394
TEA_BS14,9_1394
AusGEM_01368,9_1394
AusGEM_00336,9_1394
AusGEM_01983,9_1394
AusGEM_01397,9_1394
TEA_BS150,9_1394
TEA_M660876,9_1394
AusGEM_00313,9_1394
AusGEM_01353,9_1394
AusGEM_02025,9_1394
AusGEM_01991,9_1394
AusGEM_00029,9_1394
AUSMDU00005029,20_785
SRR9924627,20_785
AUSMDU00048360,20_785
SRR9924623,20_785
AUSMDU00008438,20_785
AusGEM_00735,20_785
SRR9924656,20_785
AUSMDU00015806,20_785
AUSMDU00022568,20_785
SRR9924655,20_785
AusGEM_01481,20_785
AUSMDU00003549,20_785
SRR9924683,20_785
AUSMDU00020588,20_785
SRR9924649,20_785
SRR11094168,20_785
SRR9924663,20_785
TEA_C4_43,20_785
AUSMDU00008524,20_785
AUSMDU00018796,20_785
AUSMDU00061581,20_785
TEA_A1_45,20_785
AUSMDU00034377,20_785
ERR5355730,20_785
TEA_A1_42,20_785
AUSMDU00020088,20_785
AUSMDU00034379,20_785
AUSMDU00034347,20_785
SRR6456006,20_785
ERR5355889,20_785
SRR9924653,20_785
SRR9924659,20_785
SRR9924681,20_785
SRR6455966,20_785
AUSMDU00022360,20_785
SRR7724774,20_785
AUSMDU00015603,20_785
SRR11094225,20_785
AUSMDU00022543,20_785
SRR9924672,20_785
SRR9924684,20_785
TEA_65_4_AC20,20_785
SRR9924654,20_785
AUSMDU00021677,20_785
SRR11094184,20_785
SRR9924682,20_785
SRR9924666,20_785
SRR9924643,20_785
AUSMDU00026065,20_785
AUSMDU00007860,20_785
SRR6455999,20_785
AUSMDU00007848,20_785
AUSMDU00007849,20_785
AUSMDU00014656,20_785
AUSMDU00022680,20_785
AUSMDU00041685,20_785
TEA_C4_44,20_785
AUSMDU00013446,20_785
AusGEM_01911,20_785
SRR9924664,20_785
AUSMDU00007863,20_785
AUSMDU00022963,20_785
SRR9924618,20_785
AUSMDU00017442,20_785
SRR9924616,20_785
ERR5355650,20_785
AusGEM_01936,20_785
AusGEM_00798,20_785
AUSMDU00010813,20_785
AusGEM_01480,20_785
AUSMDU00003552,20_785
AUSMDU00031056,20_785
SRR9924595,20_785
SRR9924665,20_785
TEA_A1_40,20_785
SRR11341608,20_785
SRR7724709,20_785
AUSMDU00020389,20_785
TEA_A3_60,20_785
AusGEM_01884,20_785
TEA_TA260,20_785
AUSMDU00030820,20_785
SRR9924667,20_785
AUSMDU00017744,20_785
AUSMDU00060101,20_785
AusGEM_01487,20_785
SRR9924650,20_785
TEA_E7412,20_785
SRR9924635,20_785
SRR9924662,20_785
SRR5936495,20_785
ERR5355657,20_785
ERR5355947,20_785
AUSMDU00046484,20_785
AUSMDU00011713,20_785
AusGEM_01184,20_785
SRR11094187,20_785
TEA_A3_36,20_785
AUSMDU00018213,20_785
SRR9924687,20_785
AUSMDU00016265,20_785
TEA_TA058,20_785
SRR9924660,20_785
SRR9924636,20_785
AUSMDU00007855,20_785
AUSMDU00008521,20_785
AUSMDU00022105,20_785
AusGEM_01486,20_785
SRR9924637,20_785
AUSMDU00047247,20_785
AUSMDU00035704,20_785
AUSMDU00015770,20_785
AusGEM_00826,20_785
SRR9924646,20_785
AUSMDU00007999,20_785
AUSMDU00011353,20_785
AusGEM_00658,20_785
SRR11094181,20_785
SRR9924651,20_785
TEA_B1794,20_785
TEA_B1699,20_785
AusGEM_01970,20_785
SRR9924628,20_785
AUSMDU00007525,20_785
AUSMDU00041549,20_785
AusGEM_00403,20_785
AUSMDU00015765,20_785
SRR6456033,20_785
SRR9924678,20_785
AUSMDU00015612,20_785
TEA_TA133,20_785
AUSMDU00028588,20_785
AusGEM_02023,20_785
AUSMDU00015564,20_785
SRR9924648,20_785
SRR9924675,20_785
SRR9924668,20_785
AusGEM_00572,20_785
AUSMDU00011875,20_785
TEA_8_1_AC8,20_785
AUSMDU00008379,20_785
AUSMDU00008207,20_785
SRR9924602,20_785
SRR9924620,20_785
TEA_B1835,20_785
AusGEM_01485,20_785
SRR9924658,20_785
ERR5355759,20_785
AusGEM_01484,20_785
AUSMDU00024424,20_785
SRR9924644,20_785
TEA_65_1_AC2,20_785
SRR9924652,20_785
AUSMDU00008420,20_785
AusGEM_01483,20_785
AUSMDU00020384,20_785
AusGEM_00750,20_785
AusGEM_01988,20_785
AusGEM_00723,20_785
SRR9924633,20_785
SRR9924619,20_785
AUSMDU00015607,20_785
ERR5355692,20_785
SRR9924634,20_785
AusGEM_01923,20_785
AUSMDU00035619,20_785
SRR9924647,20_785
AUSMDU00048795,20_785
SRR9924674,20_785
SRR9924642,20_785
TEA_W1_76,20_785
AUSMDU00019837,20_785
AUSMDU00035030,20_785
AUSMDU00037802,20_785
AusGEM_00724,20_785
AUSMDU00034378,20_785
SRR11094207,20_785
AUSMDU00032188,20_785
AUSMDU00015668,20_785
SRR9924621,20_785
SRR9924638,20_785
AUSMDU00019266,20_785
AusGEM_00431,20_785
SRR9924661,20_785
AUSMDU00007305,20_785
ERR5355900,20_785
AUSMDU00022724,20_785
AusGEM_00102,20_785
AusGEM_00782,20_785
SRR9924657,20_785
TEA_65_3_TC1,20_785
AUSMDU00015807,20_785
SRR9924685,20_785
AUSMDU00010815,20_785
SRR9924680,20_785
TEA_A3_32,20_785
ERR5355835,20_785
AusGEM_00406,20_785
SRR9924686,20_785
AusGEM_01482,20_785
TEA_E2938,11
TEA_44_4_Ti15,11
AusGEM_01504,11
TEA_E5060,11
AusGEM_00619,11
AusGEM_01505,11
AusGEM_00626,11
AusGEM_01078,11
AusGEM_01685,11
AusGEM_01071,11
AusGEM_00516,11
AusGEM_01075,11
SRR6456026,11
AUSMDU00016342,11
AusGEM_01058,11
AusGEM_00599,11
TEA_W3_32,11
TEA_A2_36,11
TEA_C1_51,11
AusGEM_01084,11
AusGEM_01068,11
AusGEM_01069,11
AusGEM_00574,11
TEA_B1688,11
AUSMDU00034369,11
TEA_E9208,11
TEA_A2_17,11
AusGEM_00386,11
AusGEM_01086,11
ERR5355757,11
TEA_W4_22,11
TEA_A3_41,11
SRR11341645,11
AusGEM_01087,11
AusGEM_00507,11
TEA_E5150,11
TEA_W4_17,11
AusGEM_01543,11
AusGEM_01064,11
AusGEM_01499,11
AusGEM_01506,11
TEA_44_2_Ti11,11
TEA_C1_72,11
TEA_C2_34,11
AusGEM_00620,11
TEA_E7355,11
ERR5355933,11
AusGEM_01073,11
TEA_E3466,11
AusGEM_00058,11
AusGEM_00703,11
AUSMDU00026545,11
AusGEM_01509,11
SRR11341598,11
AusGEM_00719,11
TEA_24_1_Si1,11
AusGEM_00527,11
TEA_W2_41,11
TEA_C1_66,11
TEA_E2506,11
AusGEM_01511,11
TEA_A1_38,11
TEA_W3_20,11
AusGEM_01067,11
AusGEM_01967,11
TEA_E4921,11
AusGEM_01503,11
TEA_TA135,11
AusGEM_00179,11
AusGEM_01061,11
AusGEM_01508,11
AusGEM_01686,11
SRR7828700,11
TEA_W2_37,11
AusGEM_01344,11
AusGEM_01060,11
AusGEM_01913,11
TEA_E5555,11
AUSMDU00008512,11
AUSMDU00016863,11
AusGEM_01224,11
AusGEM_00481,11
TEA_B1504,11
AusGEM_01085,11
TEA_A2_19,11
AusGEM_00177,11
AusGEM_01715,11
AusGEM_00144,11
AusGEM_01544,11
AusGEM_01512,11
SRR11886755,11
AUSMDU00008631,11
TEA_53_1_AUC1,11
TEA_44_1_Ti4,11
AusGEM_01066,11
AusGEM_01510,11
AUSMDU00020492,11
AusGEM_01513,11
AusGEM_01221,11
TEA_29_3_DC10,11
AusGEM_01090,11
AusGEM_00434,11
AusGEM_01501,11
AusGEM_01072,11
AusGEM_01092,11
AusGEM_00246,11
AusGEM_01125,11
AusGEM_00611,11
TEA_B1811,11
TEA_W3_24,11
TEA_E2482,11
AusGEM_01500,11
AusGEM_00636,11
SRR11080154,11
AusGEM_00413,11
ERR5355641,11
TEA_E5415,11
TEA_E9781,11
TEA_W1_33,11
AusGEM_01088,11
TEA_A1_44,11
TEA_W1_37,11
AusGEM_01076,11
AUSMDU00024109,11
TEA_1863_3_1_WA_Bloom,11
AusGEM_00372,11
AusGEM_01258,11
AusGEM_01507,11
AusGEM_02006,11
AusGEM_01070,11
AusGEM_01094,11
AusGEM_01833,11
TEA_C1_84,11
AusGEM_01089,11
TEA_53_1_AC6,11
AUSMDU00026903,11
AusGEM_01502,11
AusGEM_00008,11
AusGEM_00704,11
AUSMDU00066528,15
SRR7758968,15
TEA_19_1_TC4,15
TEA_19_1_Ti7,15
SRR11094226,15
TEA_57_5_R8,15
AUSMDU00021203,15
AUSMDU00023159,15
AUSMDU00015676,15
AUSMDU00022143,15
SRR7912369,15
AusGEM_01202,15
AusGEM_01382,15
SRR7758967,15
AusGEM_01393,15
AusGEM_00546,15
SRR7758864,15
AUSMDU00008526,15
AusGEM_00545,15
SRR17085835,15
AUSMDU00010655,15
AUSMDU00021458,15
AUSMDU00019319,15
SRR7758883,15
SRR7912374,15
AUSMDU00010774,15
SRR7912388,15
AUSMDU00064987,15
SRR7912387,15
AUSMDU00014864,15
AusGEM_01429,15
ERR5355825,15
SRR7724584,15
AUSMDU00031764,15
SRR12875404,15
SRR7912395,15
SRR7758859,15
AUSMDU00010639,15
AUSMDU00017264,15
AUSMDU00051308,15
AUSMDU00056177,15
AUSMDU00039512,15
AUSMDU00010638,15
AUSMDU00015849,15
AUSMDU00038776,15
AUSMDU00040928,15
SRR7758858,15
SRR7758964,15
SRR7912364,15
SRR8420330,15
AUSMDU00064132,15
SRR7758962,15
SRR7758856,15
SRR7912372,15
AUSMDU00010933,15
AUSMDU00016513,15
AUSMDU00012528,15
AUSMDU00034348,15
AUSMDU00021634,15
AUSMDU00015851,15
AUSMDU00020305,15
ERR5355974,15
AUSMDU00015763,15
SRR11094196,15
AUSMDU00019234,15
AusGEM_01908,15
AUSMDU00011817,15
AUSMDU00007415,15
AUSMDU00021459,15
SRR7758860,15
SRR7758862,15
AUSMDU00022552,15
SRR12875408,15
SRR7758857,15
AusGEM_01254,15
SRR7912392,15
AUSMDU00023226,15
AusGEM_01154,15
TEA_GNB_3401,15
AUSMDU00031538,15
AUSMDU00015698,15
SRR7758861,15
TEA_57_3_TC14,15
SRR7758863,15
AUSMDU00008404,15
AUSMDU00034349,15
AUSMDU00012376,15
ERR5355744,15
SRR7912412,15
SRR12875405,15
AUSMDU00010818,15
AUSMDU00015626,15
SRR12875406,15
SRR7912377,15
AUSMDU00035640,15
AUSMDU00021360,15
AUSMDU00064383,15
SRR7912415,15
AUSMDU00016280,15
ERR5355609,15
SRR12875411,15
AUSMDU00008441,15
AUSMDU00066229,15
AusGEM_00623,15
AUSMDU00022967,15
AUSMDU00010825,15
SRR7912375,15
SRR12875409,15
ERR5355676,15
AUSMDU00051101,15
SRR7724753,15
AUSMDU00008626,15
AUSMDU00019316,15
SRR4067491,15
SRR7758876,15
AUSMDU00010651,15
ERR5355783,15
SRR7724662,15
SRR7758963,15
AUSMDU00022544,15
AUSMDU00035097,15
SRR7724619,15
AusGEM_00590,15
AusGEM_01106,15
TEA_12_GNB_025,15
AUSMDU00019675,15
AUSMDU00019680,15
SRR7912393,15
TEA_57_3_Ti5,15
AUSMDU00018822,15
SRR7724744,15
SRR7758879,15
AUSMDU00011686,15
AusGEM_01335,15
AUSMDU00019307,15
AusGEM_01169,15
AUSMDU00007854,15
AUSMDU00040302,15
AUSMDU00021251,15
AUSMDU00017146,15
AUSMDU00022783,15
SRR7758855,15
TEA_12_GNB_003,15
AusGEM_00595,15
AUSMDU00045372,15
AUSMDU00016897,15
SRR7912408,15
AUSMDU00065398,15
AusGEM_00760,15
AUSMDU00017140,15
AUSMDU00024356,15
AUSMDU00067018,15
AUSMDU00011708,15
AusGEM_01450,15
SRR7912416,15
SRR7912391,15
SRR7912361,15
AUSMDU00016455,15
AUSMDU00045277,15
AUSMDU00044107,15
AusGEM_01424,15
AusGEM_01122,15
AUSMDU00010593,15
SRR4067426,15
SRR7912382,15
SRR7912407,15
AUSMDU00048792,15
AUSMDU00015611,15
AUSMDU00065861,15
AusGEM_01193,15
AUSMDU00016152,15
AUSMDU00034480,15
AUSMDU00048794,15
ERR5355976,15
AUSMDU00023328,15
AUSMDU00065497,15
SRR7912365,15
AUSMDU00015255,15
AUSMDU00011881,15
AUSMDU00020498,15
AUSMDU00040301,15
AusGEM_00564,15
SRR7758886,15
AUSMDU00010776,15
AUSMDU00011873,15
AUSMDU00019228,15
AusGEM_00417,15
AusGEM_01150,15
AUSMDU00032793,15
AUSMDU00055259,15
TEA_12_GNB_036,15
AUSMDU00019934,15
ERR5355627,15
SRR7912368,15
AUSMDU00016163,15
AUSMDU00017106,15
AUSMDU00017244,15
AUSMDU00017421,15
AUSMDU00016161,15
SRR7912394,15
AUSMDU00017774,15
SRR12875407,15
AUSMDU00016435,15
SRR12875403,15
AusGEM_00552,15
AUSMDU00063832,15
SRR12875410,15
AUSMDU00044422,15
AusGEM_01914,15
SRR7912422,15
SRR7758875,15
AUSMDU00018364,15
ERR5355597,15
AUSMDU00019683,15
AUSMDU00015820,15
AUSMDU00020386,15
SRR7758969,15
SRR7912397,15
TEA_52_2_Ti10,15
TEA_19_2_TC6,15
AUSMDU00017911,15
SRR7758880,15
AUSMDU00019681,15
ERR5355949,15
TEA_GNB_2846,15
AUSMDU00015752,15
AusGEM_01197,15
AUSMDU00015561,15
AUSMDU00011706,15
AusGEM_01298,15
SRR7912373,15
AUSMDU00040932,15
AUSMDU00049133,15
AUSMDU00015793,15
AusGEM_01933,15
SRR7912390,15
SRR12875412,15
SRR7912411,15
AUSMDU00014867,15
AUSMDU00005010,12
AUSMDU00026889,12
AUSMDU00020275,12
SRR7724805,12
ERR5355902,12
TEA_H073,12
AUSMDU00036400,12
AusGEM_01475,12
TEA_A3_16,12
AUSMDU00034386,12
ERR5355843,12
TEA_H282,12
SRR6455994,12
AUSMDU00047622,12
AusGEM_01476,12
AUSMDU00014722,12
AusGEM_00235,12
SRR6455995,12
AusGEM_01524,12
TEA_B1866,12
AUSMDU00035317,12
AUSMDU00003572,12
AusGEM_00610,12
AUSMDU00004991,12
AUSMDU00026851,12
AusGEM_01522,12
AUSMDU00010465,12
AusGEM_00356,12
AUSMDU00026873,12
TEA_A1_32,12
TEA_C1_4,12
AUSMDU00056150,12
AusGEM_00504,12
ERR5355972,12
TEA_C3_8,12
SRR8767492,12
TEA_H342,12
AusGEM_02036,12
AUSMDU00008277,12
AUSMDU00017428,12
AUSMDU00025479,12
AUSMDU00058950,12
AusGEM_00487,12
AUSMDU00013142,12
AusGEM_01127,12
AUSMDU00016374,12
AusGEM_00622,12
AusGEM_01523,12
AUSMDU00042383,12
AusGEM_02035,12
AusGEM_01477,12
AUSMDU00004992,12
AUSMDU00034108,12
TEA_H055,12
AUSMDU00026920,12
AusGEM_01151,12
AUSMDU00008629,12
AUSMDU00066914,12
AusGEM_00597,12
AUSMDU00009584,12
AusGEM_00088,12
SRR11947110,12
SRR1554983,12
AUSMDU00004632,12
AUSMDU00065146,12
AUSMDU00028959,12
AUSMDU00019309,12
AUSMDU00034398,12
AUSMDU00043601,12
SRR7724598,12
AusGEM_01521,12
AUSMDU00029443,12
SRR5936493,12
AUSMDU00015716,12
AUSMDU00067871,12
AusGEM_00744,12
TEA_7_14_25,12
AUSMDU00037962,12
AUSMDU00034183,12
AusGEM_00368,12
AusGEM_01474,12
AUSMDU00007515,12
AUSMDU00036256,12
AUSMDU00015555,12
AusGEM_01357,12
AUSMDU00018198,12
AUSMDU00011848,12
AusGEM_00653,12
SRR6455978,12
TEA_2H_145_14,12
ERR5355739,12
AusGEM_00656,12
AUSMDU00010812,12
AUSMDU00026855,12
AUSMDU00046798,12
AUSMDU00026849,12
AUSMDU00030909,12
SRR6456016,12
AUSMDU00034373,12
SRR14160912,12
TEA_H131,12
AusGEM_00659,12
AUSMDU00012724,12
AUSMDU00021200,12
TEA_E1428,12
AUSMDU00016174,12
AUSMDU00007338,12
AusGEM_00686,12
AUSMDU00007564,12
AUSMDU00056574,12
AUSMDU00007474,12
AUSMDU00013103,12
AUSMDU00008535,12
AUSMDU00032445,12
AusGEM_01183,12
AUSMDU00007379,12
AUSMDU00010789,12
AusGEM_00050,12
AUSMDU00005025,12
AUSMDU00040137,12
AUSMDU00010320,12
AUSMDU00019334,10
SRR7724788,10
TEA_64_AC3,10
TEA_TA336,10
AusGEM_00312,10
SRR7724772,10
AUSMDU00034393,10
AusGEM_00031,10
ERR5355961,10
AusGEM_01515,10
AUSMDU00059289,10
TEA_TA073,10
SRR7724720,10
TEA_4_1_C3,10
AusGEM_00949,10
AusGEM_01907,10
AusGEM_01516,10
SRR11341630,10
TEA_64_Ti5,10
TEA_46_2_Ti11,10
AusGEM_00169,10
ERR5355682,10
AusGEM_00308,10
AusGEM_00297,10
AusGEM_00166,10
TEA_22_1_Ti17,10
AusGEM_00790,10
AusGEM_00983,10
AusGEM_01021,10
AUSMDU00020025,10
AusGEM_01160,10
AusGEM_01419,10
AUSMDU00067906,10
SRR4067482,10
AUSMDU00022937,10
AUSMDU00022547,10
AUSMDU00048442,10
AUSMDU00028585,10
AusGEM_00295,10
AusGEM_02001,10
AusGEM_00261,10
SRR8767548,10
AUSMDU00057170,10
AusGEM_02048,10
TEA_B1505,10
AusGEM_01882,10
AusGEM_02049,10
AusGEM_01518,10
AusGEM_00171,10
AusGEM_00147,10
AUSMDU00042652,10
AusGEM_01043,10
AUSMDU00015576,10
AUSMDU00042763,10
AusGEM_00176,10
AUSMDU00034391,10
AusGEM_00173,10
ERR5355681,10
AUSMDU00048437,10
AUSMDU00034392,10
AUSMDU00007451,10
AusGEM_00168,10
AusGEM_01261,10
ERR5355576,10
TEA_W2_80,10
ERR5355979,10
AUSMDU00059811,10
AusGEM_00298,10
TEA_A4_61,10
AUSMDU00062084,10
AUSMDU00029845,10
AusGEM_01034,10
AusGEM_01976,10
AUSMDU00020152,10
AusGEM_01974,10
AUSMDU00005011,10
AusGEM_00299,10
ERR5355880,10
AusGEM_01519,10
AUSMDU00017155,10
ERR5355970,10
TEA_64_R6,10
AusGEM_01042,10
SRR11094180,10
SRR11341604,10
AusGEM_02039,10
AusGEM_00311,10
ERR5355781,10
AusGEM_01927,10
AusGEM_00296,10
SRR7724615,10
AusGEM_01340,10
SRR4067504,10
AUSMDU00027798,10
TEA_70_2_TC2,10
AusGEM_01890,10
TEA_C2_45,10
AUSMDU00018820,10
AusGEM_00309,10
AUSMDU00008499,10
TEA_W2_76,10
TEA_C1_91,10
AUSMDU00034390,10
TEA_70_1_AC3,10
AusGEM_01517,10
AusGEM_01969,10
TEA_B1341,10
AusGEM_01288,10
AUSMDU00007868,10
AUSMDU00015762,10
AusGEM_01217,10
AusGEM_00174,10
SRR12123278,10
AusGEM_00301,10
ERR5355658,10
ERR5355866,10
TEA_B1167,10
AusGEM_02050,10
SRR6455980,10
TEA_E2026,10
AUSMDU00030350,10
AusGEM_00836,10
ERR5355816,10
TEA_E5472,10
AUSMDU00008490,10
AUSMDU00056122,10
SRR11094159,10
AusGEM_01256,10
SRR7724699,10
SRR4067501,10
AUSMDU00027857,10
AusGEM_01263,10
AUSMDU00063941,10
AusGEM_00146,10
AusGEM_00172,10
TEA_22_4_Ti18,10
AUSMDU00015673,10
AusGEM_00925,10
AusGEM_01164,10
AusGEM_00259,10
AUSMDU00008268,10
TEA_E8084,10
AusGEM_01095,10
TEA_W3_62,10
TEA_4_2_Ti8,10
ERR5355841,10
AusGEM_01387,10
AusGEM_00175,10
AusGEM_01329,10
AusGEM_01207,10
ERR5355869,10
SRR4067468,10
AUSMDU00024998,10
AusGEM_00825,10
TEA_22_1_Ti19,10
AUSMDU00022080,10
AUSMDU00026899,10
ERR5355624,10
AUSMDU00020284,10
AusGEM_00290,10
AusGEM_00764,10
AusGEM_01906,10
AusGEM_00170,10
AusGEM_01390,8
AusGEM_00421,8
AusGEM_02002,8
AusGEM_02007,8
AusGEM_00759,8
AUSMDU00015790,8
ERR5355732,8
AusGEM_00534,8
AusGEM_01438,8
AusGEM_01995,8
AUSMDU00064452,8
AUSMDU00048802,8
AUSMDU00026911,8
AusGEM_01448,8
ERR5355981,8
ERR5355943,8
AusGEM_00558,8
AusGEM_01176,8
AusGEM_02018,8
AusGEM_01170,8
AusGEM_01897,8
AusGEM_02026,8
TEA_23_1_TC4,8
TEA_2_1_P20,8
AusGEM_02052,8
AusGEM_00542,8
AusGEM_01348,8
AusGEM_00469,8
AUSMDU00007567,8
AusGEM_01431,8
AUSMDU00046347,8
AusGEM_00373,8
TEA_23_2_AC12,8
TEA_21_1_TC7,8
AusGEM_01307,8
AusGEM_00405,8
AusGEM_01422,8
ERR5355726,8
AusGEM_00773,8
AusGEM_00437,8
AusGEM_01327,8
AusGEM_01155,8
AUSMDU00049335,8
AusGEM_00783,8
AUSMDU00008372,8
AusGEM_01178,8
AusGEM_02022,8
AusGEM_01404,8
AUSMDU00048800,8
ERR5355892,8
SRR11080153,8
AusGEM_01257,8
AusGEM_00828,8
ERR5355716,8
AusGEM_00701,8
AusGEM_00822,8
ERR5355748,8
AUSMDU00048797,8
AusGEM_00820,8
AusGEM_00705,8
AUSMDU00019445,8
AusGEM_01120,8
AUSMDU00010646,8
AUSMDU00058854,8
AUSMDU00021086,8
AusGEM_00485,8
AusGEM_02020,8
AUSMDU00059239,8
AusGEM_00802,8
AusGEM_01255,8
ERR5355856,8
TEA_18_4_Ti12,8
TEA_CD_29_IM6,8
AusGEM_01279,8
AusGEM_00429,8
TEA_23_4_R13,8
AusGEM_01215,8
ERR5355777,8
AusGEM_01208,8
AUSMDU00012508,8
AusGEM_01188,8
SRR11094222,8
AusGEM_00766,8
ERR5355940,8
ERR5355823,8
AusGEM_01452,8
AusGEM_01972,8
AusGEM_00793,8
AusGEM_01402,8
AusGEM_01405,8
AusGEM_01997,8
AusGEM_00776,8
AusGEM_01413,8
AusGEM_01886,8
AusGEM_01142,8
AusGEM_00755,8
ERR5355639,8
TEA_21_2_C8,8
AusGEM_00500,8
AusGEM_01308,8
AusGEM_01140,8
AusGEM_01434,8
TEA_23_3_Ti9,8
TEA_20_5_R7,8
AusGEM_01910,8
AusGEM_01381,8
AUSMDU00008523,8
AUSMDU00017685,8
TEA_H020,8
AusGEM_00568,8
AusGEM_00752,8
AusGEM_00796,8
AusGEM_01979,8
AusGEM_01973,8
TEA_23_2_Ti8,8
AusGEM_00482,8
AusGEM_01267,8
AUSMDU00064920,8
TEA_35_MA_AUDC,8
AUSMDU00011126,8
AusGEM_01199,8
AusGEM_01425,8
AusGEM_01310,8
AusGEM_00412,8
AusGEM_00649,8
AusGEM_00660,8
AusGEM_01136,8
AUSMDU00028883,8
AusGEM_02047,8
TEA_18_3_Ti5,8
AusGEM_02003,8
AUSMDU00048786,8
AusGEM_00410,8
SRR4067472,8
AusGEM_00455,8
SRR4067428,8
AusGEM_02037,8
AusGEM_01135,8
AUSMDU00036274,8
AusGEM_01975,8
AusGEM_01196,8
AusGEM_01366,8
AusGEM_01433,8
AusGEM_01145,8
AusGEM_01443,8
AusGEM_00430,8
AusGEM_01342,8
AusGEM_00675,8
AUSMDU00034395,8
ERR5355601,8
ERR5355607,8
AusGEM_01180,8
AUSMDU00056648,8
AusGEM_00442,8
AusGEM_01232,8
AusGEM_01383,8
AusGEM_01343,8
AusGEM_00838,8
AusGEM_01930,8
AusGEM_01274,8
AUSMDU00048777,8
AUSMDU00060113,8
AusGEM_01322,8
AusGEM_00501,8
AusGEM_00522,8
AusGEM_00490,8
ERR5355814,8
SRR6456028,8
AusGEM_01295,8
ERR5355809,8
AusGEM_00633,8
AusGEM_00531,8
AusGEM_00540,8
AUSMDU00057044,8
AUSMDU00008429,8
AUSMDU00008504,8
AusGEM_00751,8
AusGEM_01133,8
AusGEM_01939,8
AUSMDU00048928,8
AusGEM_00513,8
AusGEM_00756,8
ERR5355606,8
AusGEM_01539,25
AUSMDU00015672,25
SRR11094204,25
TEA_10_1_R6,25
AUSMDU00006419,25
SRR7724792,25
AUSMDU00009583,25
AUSMDU00018481,25
AUSMDU00045888,25
SRR11094232,25
ERR5355887,25
AusGEM_01198,25
SRR7724657,25
AUSMDU00008262,25
TEA_9_5_R1,25
AUSMDU00067511,25
ERR5355807,25
AUSMDU00010798,25
AUSMDU00034365,25
AUSMDU00034367,25
AUSMDU00022562,25
AUSMDU00034727,25
ERR5355953,25
SRR7724835,25
AUSMDU00032349,25
AusGEM_00847,25
AUSMDU00021674,25
AUSMDU00020037,25
ERR5355864,25
AUSMDU00061620,25
AUSMDU00015628,25
AUSMDU00021666,25
ERR5355885,25
AusGEM_00799,25
AUSMDU00019767,25
AusGEM_00830,25
AusGEM_00812,25
AUSMDU00065546,25
TEA_33_1_TC19,25
AUSMDU00007449,25
ERR5355587,25
AUSMDU00008580,25
AUSMDU00034360,25
AUSMDU00011876,25
AUSMDU00032164,25
AUSMDU00019367,25
AUSMDU00034361,25
AUSMDU00008434,25
AUSMDU00016159,25
AUSMDU00016279,25
ERR5355771,25
TEA_33_1_Ti5,25
AUSMDU00013694,25
AUSMDU00015577,25
AUSMDU00007442,25
ERR5355679,25
AUSMDU00016635,25
ERR5355927,25
ERR5355896,25
ERR5355713,25
AUSMDU00022546,25
AusGEM_01538,25
AUSMDU00019337,25
SRR5936479,25
AUSMDU00063680,25
AUSMDU00007518,25
AUSMDU00010662,25
AUSMDU00019931,25
AUSMDU00011304,25
ERR5355965,25
AUSMDU00022587,25
AUSMDU00047571,25
AUSMDU00019323,25
AUSMDU00008380,25
AUSMDU00008407,25
AUSMDU00034356,25
ERR5355793,25
AusGEM_00747,25
AUSMDU00021249,25
SRR933543,25
ERR5355712,25
SRR7724667,25
ERR5355655,25
SRR7724697,25
AUSMDU00027696,25
SRR11608160,25
AUSMDU00061258,25
AUSMDU00032351,25
AUSMDU00008522,25
AusGEM_01226,25
AUSMDU00022404,25
AUSMDU00011819,25
AUSMDU00049642,25
AUSMDU00008283,25
ERR5355815,25
AusGEM_01943,25
SRR11608154,25
ERR5355618,25
SRR5936483,25
AUSMDU00015825,25
AusGEM_01542,25
AUSMDU00015550,25
AUSMDU00019336,25
ERR5355898,25
AUSMDU00008643,25
AUSMDU00008486,25
AusGEM_01994,25
AUSMDU00049654,25
AUSMDU00045844,25
AUSMDU00016151,25
AUSMDU00021682,25
AUSMDU00015563,25
AUSMDU00015684,25
AUSMDU00038265,25
ERR5355897,25
AUSMDU00019240,25
AUSMDU00021208,25
AusGEM_01262,25
AUSMDU00045655,25
AUSMDU00015575,25
ERR5355827,25
AUSMDU00026533,25
AUSMDU00019501,25
AUSMDU00027351,25
ERR5355795,25
AUSMDU00015748,25
SRR11094213,25
AUSMDU00010800,25
AUSMDU00019226,25
AUSMDU00011307,25
AUSMDU00020300,25
AUSMDU00037771,25
ERR5355629,25
AUSMDU00008427,25
AUSMDU00064242,25
AUSMDU00022398,25
AUSMDU00022561,25
AUSMDU00008538,25
AUSMDU00010273,25
AUSMDU00016142,25
AUSMDU00015596,25
AUSMDU00008543,25
AusGEM_01959,25
AUSMDU00019503,25
SRR7724771,25
AUSMDU00010589,25
ERR5355630,25
TEA_32_2_R12,25
SRR8420307,25
AUSMDU00065571,25
SRR11341609,25
AUSMDU00010682,25
AUSMDU00034362,25
SRR7828691,25
ERR5355747,25
AUSMDU00056156,25
AUSMDU00023220,25
AUSMDU00015662,25
AUSMDU00034032,25
AusGEM_00060,21
TEA_C2_100,21
AusGEM_00073,21
AusGEM_00212,21
AusGEM_01903,21
AusGEM_00203,21
AusGEM_00289,21
AusGEM_00086,21
AusGEM_00022,21
AusGEM_00293,21
AusGEM_00908,21
AusGEM_00106,21
TEA_C4_95,21
TEA_C4_85,21
AusGEM_00302,21
AusGEM_00305,21
AusGEM_00190,21
SRR7828747,21
AusGEM_00232,21
TEA_B1932b,21
AusGEM_00253,21
SRR10065351,21
AusGEM_00257,21
AusGEM_00228,21
AusGEM_00186,21
AusGEM_00107,21
AusGEM_00191,21
SRR14160928,21
AusGEM_00020,21
AusGEM_00233,21
AUSMDU00023223,21
AusGEM_00240,21
AusGEM_00142,21
AusGEM_00184,21
AusGEM_00225,21
AusGEM_00245,21
AusGEM_00096,21
AusGEM_00256,21
AUSMDU00033913,21
AusGEM_00929,21
AusGEM_00217,21
AusGEM_00120,21
TEA_C2_102,21
AusGEM_00074,21
AusGEM_00067,21
TEA_C2_27,21
AusGEM_00202,21
TEA_H030,21
TEA_C2_13,21
AusGEM_00401,21
AusGEM_00101,21
AusGEM_00140,21
AusGEM_00141,21
AusGEM_00216,21
AusGEM_00614,21
TEA_C4_94,21
AusGEM_00229,21
TEA_C3_72,21
AusGEM_00218,21
AusGEM_00214,21
SRR10065349,21
TEA_C3_70,21
AUSMDU00035564,21
AusGEM_00180,21
AusGEM_00183,21
AusGEM_00187,21
TEA_2H_103_1,21
AusGEM_00065,21
AusGEM_00286,21
AusGEM_00139,21
AusGEM_00452,21
AusGEM_00114,21
AusGEM_00223,21
TEA_C2_97,21
AusGEM_00221,21
AusGEM_00209,21
AusGEM_00288,21
AusGEM_00040,21
AusGEM_00786,21
TEA_C4_86,21
AusGEM_00393,21
AusGEM_00231,21
TEA_H561,21
AusGEM_00204,21
AUSMDU00008374,21
TEA_E5261,21
AusGEM_00326,21
AusGEM_00238,21
AusGEM_00105,21
AusGEM_00210,21
AusGEM_00185,21
AusGEM_00188,21
SRR10065352,21
AusGEM_00181,21
TEA_C1_119,21
TEA_C2_106,21
AusGEM_00303,21
AusGEM_00306,21
AusGEM_00113,21
AusGEM_00205,21
AusGEM_01885,21
TEA_C2_103,21
AusGEM_00230,21
AusGEM_00254,21
AusGEM_00017,21
AusGEM_00365,21
AusGEM_00307,21
AusGEM_00323,21
TEA_C3_65,21
AusGEM_00094,21
AusGEM_00213,21
AusGEM_00192,21
AusGEM_00197,21
TEA_C1_123,21
AusGEM_00224,21
AusGEM_00287,21
AusGEM_00036,21
TEA_2H_434_21,21
AusGEM_00193,21
AusGEM_00239,21
AusGEM_01406,21
AusGEM_00196,21
AusGEM_00085,21
AusGEM_00255,21
TEA_B1075,21
AusGEM_00130,21
AusGEM_00315,21
AusGEM_00019,21
AusGEM_00024,21
AusGEM_00215,21
AusGEM_00282,21
TEA_2H_290_1,21
AusGEM_00068,21
AusGEM_00104,21
AusGEM_00116,21
AusGEM_00095,21
AusGEM_00411,21
TEA_C4_93,21
ERR4254600,31_757_1000
AUSMDU00017113,31_757_1000
AUSMDU00012378,31_757_1000
AusGEM_00648,31_757_1000
AUSMDU00008644,31_757_1000
AusGEM_01709,31_757_1000
AusGEM_00575,31_757_1000
TEA_GNB_2838,31_757_1000
AUSMDU00004542,31_757_1000
SRR6456037,31_757_1000
ERR5355865,31_757_1000
SRR11094176,31_757_1000
AUSMDU00008595,31_757_1000
AusGEM_01712,31_757_1000
AUSMDU00044332,31_757_1000
AUSMDU00027305,31_757_1000
AUSMDU00018869,31_757_1000
AusGEM_01708,31_757_1000
AUSMDU00014721,31_757_1000
AUSMDU00019331,31_757_1000
SRR7724799,31_757_1000
AUSMDU00005005,31_757_1000
SRR7724579,31_757_1000
AUSMDU00040769,31_757_1000
AUSMDU00008638,31_757_1000
AusGEM_02042,31_757_1000
TEA_GNB_2781,31_757_1000
ERR5355839,31_757_1000
AUSMDU00011355,31_757_1000
AUSMDU00015685,31_757_1000
ERR5355635,31_757_1000
AusGEM_00804,31_757_1000
AUSMDU00062657,31_757_1000
AUSMDU00021465,31_757_1000
AUSMDU00067157,31_757_1000
AUSMDU00049647,31_757_1000
TEA_30_1_R8,31_757_1000
AUSMDU00040128,31_757_1000
AusGEM_02032,31_757_1000
TEA_GNB_3697,31_757_1000
AUSMDU00020288,31_757_1000
AUSMDU00017266,31_757_1000
AUSMDU00067491,31_757_1000
SRR4067469,31_757_1000
AUSMDU00008551,31_757_1000
AUSMDU00067741,31_757_1000
AUSMDU00022272,31_757_1000
AUSMDU00015623,31_757_1000
AUSMDU00008405,31_757_1000
AusGEM_02031,31_757_1000
AUSMDU00008513,31_757_1000
TEA_GNB_2809,31_757_1000
AUSMDU00013702,31_757_1000
AUSMDU00023161,31_757_1000
SRR11341625,31_757_1000
AUSMDU00010606,31_757_1000
AUSMDU00023404,31_757_1000
AusGEM_01707,31_757_1000
AusGEM_02045,31_757_1000
AUSMDU00016535,31_757_1000
AUSMDU00037976,31_757_1000
AUSMDU00013459,31_757_1000
AusGEM_01982,31_757_1000
AUSMDU00017422,31_757_1000
AUSMDU00017961,31_757_1000
AUSMDU00022676,31_757_1000
AUSMDU00019050,31_757_1000
AUSMDU00019339,31_757_1000
SRR11341606,31_757_1000
AUSMDU00024937,31_757_1000
AUSMDU00017118,31_757_1000
AUSMDU00015757,31_757_1000
AusGEM_01924,31_757_1000
AUSMDU00010596,31_757_1000
AUSMDU00017270,31_757_1000
AUSMDU00016001,31_757_1000
AUSMDU00036295,31_757_1000
AUSMDU00009504,31_757_1000
AUSMDU00015584,31_757_1000
AUSMDU00015543,31_757_1000
AUSMDU00019916,31_757_1000
SRR11094231,31_757_1000
SRR6456001,31_757_1000
AUSMDU00061730,31_757_1000
AUSMDU00011888,31_757_1000
AUSMDU00015927,31_757_1000
AUSMDU00011818,31_757_1000
AusGEM_01710,31_757_1000
AusGEM_00592,31_757_1000
AusGEM_00577,31_757_1000
AUSMDU00022362,31_757_1000
AUSMDU00011370,31_757_1000
AUSMDU00018824,31_757_1000
AusGEM_01981,31_757_1000
AUSMDU00026895,31_757_1000
AUSMDU00070162,31_757_1000
AusGEM_01711,31_757_1000
AUSMDU00022564,31_757_1000
AusGEM_01714,31_757_1000
AUSMDU00023209,31_757_1000
AUSMDU00017148,31_757_1000
AUSMDU00015262,31_757_1000
AUSMDU00014655,31_757_1000
AUSMDU00017250,31_757_1000
AUSMDU00034389,31_757_1000
AUSMDU00024594,31_757_1000
SRR7724561,31_757_1000
TEA_12_GNB_311,31_757_1000
AUSMDU00011325,31_757_1000
AUSMDU00048973,31_757_1000
AUSMDU00021633,31_757_1000
AUSMDU00021893,31_757_1000
TEA_GNB_2711,31_757_1000
AUSMDU00040707,31_757_1000
AUSMDU00015560,31_757_1000
AusGEM_01713,31_757_1000
AUSMDU00004893,31_757_1000
AUSMDU00016434,31_757_1000
AUSMDU00036798,31_757_1000
AUSMDU00008625,31_757_1000
AUSMDU00038883,24
AUSMDU00017104,24
AUSMDU00020172,24
AusGEM_01912,24
AUSMDU00024071,24
AUSMDU00039655,24
SRR7724731,24
AUSMDU00027506,24
AusGEM_00554,24
AUSMDU00030487,24
AUSMDU00044395,24
SRR7724565,24
AUSMDU00041492,24
AUSMDU00034382,24
AUSMDU00058136,24
AUSMDU00008495,24
AUSMDU00024526,24
AUSMDU00041340,24
AusGEM_01926,24
AUSMDU00025451,24
AUSMDU00051238,24
AUSMDU00070164,24
AUSMDU00023057,24
AusGEM_01904,24
AUSMDU00042769,24
AUSMDU00067067,24
AUSMDU00021658,24
AUSMDU00022964,24
AUSMDU00051494,24
AUSMDU00011368,24
AUSMDU00004984,24
AusGEM_01143,24
AUSMDU00010773,24
AUSMDU00010405,24
AUSMDU00010474,24
AUSMDU00005204,24
AUSMDU00016532,24
AUSMDU00016534,24
AUSMDU00017708,24
AusGEM_01987,24
AUSMDU00055418,24
AUSMDU00004890,24
ERR5355623,24
AUSMDU00017775,24
SRR7724568,24
AUSMDU00015631,24
AusGEM_00366,24
SRR7828672,24
AUSMDU00037994,24
AUSMDU00034383,24
ERR5355808,24
AUSMDU00034384,24
AUSMDU00016021,24
AUSMDU00021202,24
SRR6455987,24
AusGEM_01412,24
AUSMDU00004616,24
AUSMDU00017590,24
AUSMDU00041500,24
AUSMDU00034385,24
AUSMDU00067152,24
AUSMDU00032778,24
ERR5355829,24
AUSMDU00010797,24
AUSMDU00048768,24
AUSMDU00029467,24
AusGEM_00553,24
AUSMDU00027311,24
SRR7724564,24
AUSMDU00038489,24
SRR8767535,24
AUSMDU00021676,24
AUSMDU00022970,24
AUSMDU00042164,24
AUSMDU00025586,24
AUSMDU00019979,24
AUSMDU00015328,24
AUSMDU00042766,24
AUSMDU00019304,24
AUSMDU00015583,24
AUSMDU00034199,24
AUSMDU00010728,24
SRR7724733,24
AUSMDU00019970,24
AUSMDU00047807,24
SRR7724694,24
AUSMDU00041373,24
AUSMDU00046588,24
AUSMDU00005058,24
AUSMDU00007343,24
SRR8767568,24
AUSMDU00038915,24
AusGEM_01365,24
AUSMDU00049665,24
AUSMDU00070148,2
AusGEM_00907,2
AusGEM_01002,2
AUSMDU00070147,2
AusGEM_01022,2
AUSMDU00070146,2
AUSMDU00021413,2
AusGEM_00935,2
SRR953500,2
AUSMDU00005224,2
AUSMDU00014326,2
SRR6952390,2
AUSMDU00070144,2
AUSMDU00014367,2
AusGEM_01029,2
AUSMDU00014041,2
AusGEM_00981,2
SRR12398585,1
SRR7790719,1
SRR7790755,1
SRR7790718,1
AUSMDU00014370,1
AUSMDU00014369,1
AUSMDU00014294,1
SRR7790727,1
AUSMDU00014292,1
AUSMDU00014347,1
SRR7790748,1
SRR7790752,1
SRR7790754,1
AUSMDU00014368,1
SRR12398590,1
AUSMDU00014278,1
SRR7790750,1
AUSMDU00014372,1
AUSMDU00005233,1
AUSMDU00014198,1
SRR12398600,1
SRR7790717,1
SRR7790732,1
SRR7790740,1
AUSMDU00014388,1
SRR12398595,1
SRR7790747,1
SRR7790733,1
SRR7790743,1
SRR7790715,1
AUSMDU00070159,1
SRR12398597,1
SRR12398599,1
SRR12398589,1
SRR7790728,1
SRR7790737,1
AUSMDU00014355,1
SRR7790744,1
SRR7790720,1
AusGEM_00671,1
SRR7790736,1
SRR7790725,1
SRR12398591,1
AUSMDU00014359,1
AUSMDU00005210,1
SRR7790734,1
SRR7790741,1
SRR12398587,1
SRR12398601,1
SRR7790751,1
SRR7790745,1
SRR7790735,1
SRR12398594,1
SRR7790716,1
SRR7790738,1
SRR7790753,1
SRR7790756,1
SRR7790746,1
SRR12398586,1
SRR12398584,1
SRR7790749,1
AUSMDU00014327,1
SRR12398598,1
SRR12398588,1
AUSMDU00005223,1
SRR12398596,1
AUSMDU00014193,1
AusGEM_00687,1
AUSMDU00014267,1
AusGEM_02046,22
AusGEM_01222,22
TEA_B288,22
AusGEM_00680,22
AusGEM_00634,22
AusGEM_01285,22
AusGEM_01167,22
TEA_DMG_1993,22
AusGEM_00794,22
AUSMDU00049087,22
AusGEM_00450,22
AusGEM_01185,22
AusGEM_01532,22
AusGEM_02038,22
AUSMDU00060937,22
AusGEM_01902,22
AusGEM_00529,22
AusGEM_01162,22
SRR11094157,22
AusGEM_01128,22
AusGEM_01291,22
AusGEM_01187,22
SRR4067488,22
ERR5355884,22
AusGEM_00475,22
AusGEM_01289,22
AUSMDU00007300,22
AUSMDU00035652,22
AusGEM_01989,22
AusGEM_01361,22
AusGEM_00736,22
AusGEM_00587,22
AusGEM_01326,22
TEA_12_1_Ti12,22
SRR7828688,22
AusGEM_00561,22
AusGEM_00480,22
AusGEM_00496,22
TEA_DMG_1998,22
AusGEM_00385,22
AusGEM_00435,22
AusGEM_02051,22
ERR5355935,22
AusGEM_00586,22
ERR5355811,22
AusGEM_00666,22
AUSMDU00026872,22
AusGEM_00690,22
AusGEM_01107,22
AusGEM_01149,22
AusGEM_01277,22
AusGEM_01372,22
AusGEM_01531,22
AusGEM_01228,22
AusGEM_00439,22
AUSMDU00065125,22
AusGEM_00468,22
AusGEM_01401,22
AusGEM_01441,22
AusGEM_01364,22
AusGEM_01275,22
AusGEM_01306,22
AUSMDU00008633,22
AusGEM_02004,22
ERR5355853,22
AusGEM_00467,22
ERR5355745,22
AusGEM_01341,22
AusGEM_00806,22
TEA_CD_52_IM4,22
AusGEM_02043,22
AusGEM_01238,22
AusGEM_01426,22
AUSMDU00056447,22
AUSMDU00034350,22
AusGEM_00580,22
AusGEM_00609,22
AusGEM_00647,22
AusGEM_01891,22
AusGEM_01266,22
AusGEM_01337,22
AusGEM_01159,22
ERR5355946,22
AusGEM_00557,22
TEA_12_2_Ti13,22
AusGEM_01374,22
AusGEM_01444,22
AusGEM_00520,22
AusGEM_00839,22
SRR11341635,22
AusGEM_01332,22
AusGEM_01400,22
AUSMDU00015282,22
AUSMDU00034351,22
TEA_B351,22
AusGEM_01440,22
SRR7724801,18
TEA_E4150,18
TEA_E7322,18
TEA_E8647,18
SRR7724586,18
TEA_68_4_TC14,18
AusGEM_01547,18
TEA_68_2_Ti3,18
SRR7724758,18
AusGEM_01415,18
AusGEM_01551,18
TEA_B1305,18
SRR7724840,18
TEA_B1756,18
TEA_E2004,18
TEA_E2408,18
TEA_B219,18
SRR11094202,18
ERR5355578,18
ERR5355761,18
SRR8420311,18
SRR11341628,18
TEA_E2853,18
TEA_E9202,18
AusGEM_01100,18
AUSMDU00007858,18
SRR7724763,18
TEA_E9844,18
SRR5821465,18
SRR7724760,18
AusGEM_01451,17
AusGEM_01219,17
AusGEM_02014,17
AusGEM_00678,17
AusGEM_01235,17
AusGEM_00549,17
AusGEM_00407,17
ERR5355934,17
AUSMDU00024355,17
AusGEM_00676,17
AusGEM_00459,17
AusGEM_00560,17
SRR11094189,17
AusGEM_01990,17
SRR17085836,17
AusGEM_00458,17
AusGEM_00369,17
AusGEM_00674,17
AusGEM_00681,17
AusGEM_01362,17
AusGEM_01410,17
AusGEM_00710,17
AusGEM_01409,17
ERR5355817,17
AusGEM_00831,17
AusGEM_01203,17
AusGEM_00472,17
AusGEM_00404,17
AusGEM_00395,17
TEA_E5598,17
SRR11341595,17
AusGEM_01931,17
SRR5936504,17
TEA_48_5_R19,17
AUSMDU00008581,17
AUSMDU00047057,17
AusGEM_01432,17
AusGEM_02012,17
AusGEM_00537,17
AusGEM_00343,17
AusGEM_01299,17
AusGEM_01293,17
AusGEM_01473,17
AusGEM_01284,17
TEA_62_1_Ti3,17
ERR5355677,17
ERR5355664,17
TEA_B377,17
AUSMDU00070155,17
AUSMDU00015786,17
AusGEM_01331,17
ERR5355876,17
AUSMDU00008539,17
AusGEM_00761,17
AUSMDU00047971,17
SRR7828719,17
ERR5355724,17
AusGEM_00474,17
TEA_48_1_R18,17
AusGEM_01268,17
AusGEM_01165,17
AUSMDU00062334,17
AusGEM_02021,17
AusGEM_01273,17
ERR5355723,17
AusGEM_00515,17
AusGEM_00570,44
AusGEM_00497,44
AusGEM_01001,44
AusGEM_00530,44
AusGEM_00384,44
AusGEM_00521,44
AusGEM_00400,44
AusGEM_00600,44
AusGEM_00492,44
AusGEM_00425,44
AUSMDU00008973,44
AUSMDU00059769,44
AusGEM_00607,44
AusGEM_00650,44
AusGEM_00689,44
AusGEM_00732,44
AusGEM_01623,44
AusGEM_01892,44
AusGEM_00663,44
AusGEM_00584,44
AusGEM_01625,44
AusGEM_00661,44
AusGEM_00646,44
AusGEM_00499,44
AUSMDU00034376,44
AusGEM_00536,44
AusGEM_00392,44
AusGEM_00444,44
AusGEM_00350,44
AusGEM_00460,44
TEA_A2_15,44
AusGEM_00528,44
AusGEM_00489,44
AusGEM_01624,44
AusGEM_00628,44
AusGEM_00432,44
AusGEM_00422,44
AusGEM_00342,44
AusGEM_00576,44
TEA_E2038,44
AusGEM_00664,44
AusGEM_00409,44
AusGEM_01194,44
AusGEM_00543,44
AusGEM_00454,44
AusGEM_00370,44
AusGEM_00731,44
AusGEM_00598,44
AusGEM_00436,44
AusGEM_00359,44
AusGEM_00640,44
SRR11612991,44
AusGEM_00668,44
AusGEM_00396,44
AusGEM_01418,44
AusGEM_00603,44
AusGEM_00341,44
AusGEM_00702,44
AUSMDU00063771,44
AusGEM_00493,44
AusGEM_00526,44
AusGEM_00672,44
AusGEM_00374,44
AusGEM_00706,44
AusGEM_00582,44
AusGEM_00518,44
AusGEM_00565,44
AUSMDU00034375,44
AusGEM_00414,44
AusGEM_00420,44
AusGEM_00769,44
AusGEM_00464,44
AUSMDU00029810,44
AusGEM_00717,44
AusGEM_00512,44
AusGEM_00514,44
AusGEM_00462,44
AusGEM_00730,44
AusGEM_00361,44
AusGEM_00651,44
AusGEM_00503,44
AusGEM_00453,44
AusGEM_01445,44
AusGEM_00655,44
AusGEM_00449,44
AusGEM_01771,136
AusGEM_01745,136
AusGEM_01744,136
AUSMDU00008001,136
AusGEM_01757,136
AUSMDU00008579,136
AusGEM_01746,136
AusGEM_01752,136
AusGEM_00502,136
SRR7724590,136
SRR7724605,136
AusGEM_01750,136
AusGEM_01761,136
AUSMDU00005018,136
AUSMDU00008259,136
AUSMDU00008408,136
AUSMDU00014582,136
SRR7828667,136
AUSMDU00008632,136
AusGEM_01763,136
AusGEM_01759,136
SRR6456021,136
AusGEM_01769,136
AusGEM_01753,136
SRR11094190,136
AusGEM_01767,136
ERR5355778,136
AusGEM_01773,136
AusGEM_01747,136
AUSMDU00016015,136
SRR11341637,136
AusGEM_01740,136
SRR6456040,136
AUSMDU00008578,136
AusGEM_01770,136
SRR6455977,136
AusGEM_01754,136
AusGEM_01751,136
SRR5936475,136
AusGEM_00559,136
AUSMDU00008263,136
AusGEM_01742,136
AUSMDU00062348,136
AusGEM_01741,136
SRR5936474,136
AusGEM_00699,136
AUSMDU00003540,136
AusGEM_00621,136
AusGEM_01755,136
SRR6455986,136
AUSMDU00048962,136
AusGEM_01749,136
AusGEM_00629,136
AUSMDU00008435,136
ERR5355920,136
AUSMDU00008492,136
AusGEM_01743,136
AusGEM_01739,136
AusGEM_00456,136
AUSMDU00008424,136
AusGEM_01765,136
AusGEM_01758,136
AusGEM_01772,136
SRR6456044,136
AusGEM_01764,136
AusGEM_00677,136
AusGEM_00691,136
AUSMDU00007336,136
AUSMDU00007431,136
AusGEM_01762,136
AUSMDU00007444,136
AUSMDU00007450,136
AUSMDU00004933,136
SRR6456039,136
AUSMDU00048767,136
SRR7724806,136
AusGEM_00685,136
AusGEM_01748,136
AusGEM_01766,136
AUSMDU00021229,136
AusGEM_01760,136
SRR6456020,136
AUSMDU00018242,136
SRR7828800,136
AusGEM_01768,136
AusGEM_00696,136
AusGEM_01756,136
AusGEM_00921,46_970_1117_1220_1279
TEA_A2_35,46_970_1117_1220_1279
AusGEM_00970,46_970_1117_1220_1279
AusGEM_00898,46_970_1117_1220_1279
AusGEM_01855,46_970_1117_1220_1279
SRR11080152,46_970_1117_1220_1279
AusGEM_01025,46_970_1117_1220_1279
TEA_B1853,46_970_1117_1220_1279
TEA_B1897,46_970_1117_1220_1279
AusGEM_00945,46_970_1117_1220_1279
TEA_B1933,46_970_1117_1220_1279
TEA_B1725,46_970_1117_1220_1279
AusGEM_01853,46_970_1117_1220_1279
AusGEM_01858,46_970_1117_1220_1279
TEA_B1885,46_970_1117_1220_1279
TEA_A2_3,46_970_1117_1220_1279
TEA_TA011,46_970_1117_1220_1279
AusGEM_01497,46_970_1117_1220_1279
AusGEM_01498,46_970_1117_1220_1279
AusGEM_01027,46_970_1117_1220_1279
AUSMDU00008260,46_970_1117_1220_1279
TEA_B1894,46_970_1117_1220_1279
TEA_B1852,46_970_1117_1220_1279
AusGEM_01857,46_970_1117_1220_1279
AusGEM_00899,46_970_1117_1220_1279
TEA_B1802,46_970_1117_1220_1279
AusGEM_01000,46_970_1117_1220_1279
AUSMDU00029072,46_970_1117_1220_1279
TEA_A4_11,46_970_1117_1220_1279
TEA_A2_41,46_970_1117_1220_1279
AusGEM_00986,46_970_1117_1220_1279
TEA_H002,46_970_1117_1220_1279
AusGEM_00973,46_970_1117_1220_1279
TEA_B1808,46_970_1117_1220_1279
TEA_TA010,46_970_1117_1220_1279
TEA_B1911,46_970_1117_1220_1279
AusGEM_01856,46_970_1117_1220_1279
TEA_TA009,46_970_1117_1220_1279
AusGEM_00354,46_970_1117_1220_1279
AusGEM_01854,46_970_1117_1220_1279
TEA_TA013,46_970_1117_1220_1279
AusGEM_00919,46_970_1117_1220_1279
TEA_E7285,46_970_1117_1220_1279
AusGEM_01659,75_529_1051
AusGEM_01653,75_529_1051
AusGEM_01631,75_529_1051
AusGEM_01654,75_529_1051
AusGEM_01673,75_529_1051
AusGEM_01657,75_529_1051
SRR6456025,75_529_1051
AUSMDU00006614,75_529_1051
AUSMDU00010661,75_529_1051
AusGEM_01637,75_529_1051
AusGEM_01668,75_529_1051
SRR5936508,75_529_1051
AusGEM_01649,75_529_1051
AusGEM_01638,75_529_1051
AusGEM_01656,75_529_1051
AusGEM_01643,75_529_1051
SRR6456003,75_529_1051
AusGEM_01636,75_529_1051
SRR6456009,75_529_1051
AusGEM_01672,75_529_1051
AusGEM_00720,75_529_1051
AUSMDU00070157,75_529_1051
AusGEM_01666,75_529_1051
AUSMDU00026934,75_529_1051
SRR11094218,75_529_1051
ERR5355707,75_529_1051
SRR11947107,75_529_1051
SRR11094172,75_529_1051
AusGEM_01671,75_529_1051
AusGEM_01665,75_529_1051
AusGEM_01634,75_529_1051
AusGEM_01259,75_529_1051
AusGEM_01635,75_529_1051
AusGEM_01633,75_529_1051
SRR11947109,75_529_1051
AusGEM_01667,75_529_1051
AUSMDU00019365,75_529_1051
AusGEM_01646,75_529_1051
AusGEM_01664,75_529_1051
SRR6456049,75_529_1051
AusGEM_01663,75_529_1051
AusGEM_01647,75_529_1051
AusGEM_01660,75_529_1051
AUSMDU00034761,75_529_1051
AusGEM_01669,75_529_1051
AusGEM_01662,75_529_1051
AUSMDU00017115,75_529_1051
AusGEM_01641,75_529_1051
AusGEM_01661,75_529_1051
AUSMDU00008000,75_529_1051
AUSMDU00044080,75_529_1051
AusGEM_01651,75_529_1051
AusGEM_01639,75_529_1051
SRR11094236,75_529_1051
TEA_B1700,75_529_1051
AusGEM_01652,75_529_1051
AusGEM_01650,75_529_1051
AusGEM_01658,75_529_1051
AusGEM_02000,75_529_1051
AusGEM_01642,75_529_1051
AusGEM_01644,75_529_1051
AusGEM_01645,75_529_1051
AusGEM_00654,75_529_1051
AusGEM_01632,75_529_1051
AUSMDU00014007,75_529_1051
AusGEM_01655,75_529_1051
SRR6456014,75_529_1051
AusGEM_01640,75_529_1051
TEA_B093,75_529_1051
AUSMDU00011864,75_529_1051
AusGEM_01670,75_529_1051
AUSMDU00039410,75_529_1051
TEA_26_AU_GLYBX,75_529_1051
TEA_C1_36,28_741_1324
AUSMDU00026877,28_741_1324
AusGEM_00874,28_741_1324
AusGEM_01026,28_741_1324
AusGEM_01227,28_741_1324
AusGEM_01465,28_741_1324
SRR7724828,28_741_1324
AusGEM_00896,28_741_1324
TEA_B1893,28_741_1324
AusGEM_00987,28_741_1324
TEA_C3_12,28_741_1324
TEA_TA144,28_741_1324
TEA_H447,28_741_1324
TEA_E9661,28_741_1324
AusGEM_00178,28_741_1324
AusGEM_00947,28_741_1324
TEA_50_6_TCUA1,28_741_1324
AUSMDU00070160,28_741_1324
AusGEM_00891,28_741_1324
AusGEM_00879,28_741_1324
AusGEM_00938,28_741_1324
TEA_A3_61,28_741_1324
TEA_E8600,28_741_1324
AusGEM_00892,28_741_1324
SRR14160936,28_741_1324
AUSMDU00010648,45
ERR5355779,45
AUSMDU00010814,45
AusGEM_00150,45
SRR7724844,45
AusGEM_01526,45
TEA_W2_16,45
SRR14160902,45
AusGEM_00882,45
ERR5355575,45
TEA_C3_2,45
AusGEM_01528,45
AUSMDU00008544,45
AusGEM_01525,45
AusGEM_01919,45
SRR7724789,45
TEA_C3_3,45
AusGEM_01301,45
TEA_W2_9,45
AUSMDU00008583,45
AusGEM_00148,45
TEA_A3_22,45
SRR4067499,45
AUSMDU00008589,45
ERR5355643,45
SRR14160903,45
AusGEM_00018,45
AUSMDU00015606,45
AusGEM_00352,45
SRR7724739,45
SRR14160857,45
TEA_H053,45
SRR14160891,45
SRR14160898,45
SRR11341610,45
AUSMDU00034399,45
AusGEM_00294,45
AusGEM_00162,45
TEA_E5499,45
SRR6456018,45
AusGEM_02013,45
AUSMDU00005074,76_548
TEA_B1665,76_548
TEA_B1662,76_548
TEA_WA27,76_548
AUSMDU00058962,76_548
AUSMDU00028609,76_548
TEA_A1_28,76_548
TEA_WA1,76_548
TEA_B1510,76_548
TEA_WA2,76_548
TEA_B1546,76_548
TEA_2H_40_2,76_548
TEA_WA14,76_548
TEA_B1535,76_548
SRR6456048,76_548
SRR11094234,76_548
TEA_12_GNB_213,76_548
TEA_C3_71,76_548
AusGEM_00645,76_548
TEA_B1661,76_548
AusGEM_00486,76_548
SRR11341658,76_548
AUSMDU00026900,76_548
AusGEM_00538,76_548
TEA_B1552,76_548
AUSMDU00018538,76_548
TEA_A2_10,76_548
AusGEM_01621,76_548
SRR7724632,76_548
TEA_A2_14,76_548
AUSMDU00037080,76_548
AUSMDU00015680,76_548
TEA_C2_108,76_548
TEA_C1_121,76_548
AUSMDU00017568,76_548
AusGEM_01622,76_548
AUSMDU00017749,76_548
AUSMDU00039814,76_548
SRR11094163,76_548
TEA_B1549b,76_548
TEA_WA5,76_548
TEA_B1539,76_548
TEA_GNB_2829,76_548
TEA_WA26,76_548
TEA_B1663,76_548
TEA_W2_68,76_548
TEA_WA25,76_548
AUSMDU00017589,76_548
AUSMDU00017554,76_548
TEA_B1664,76_548
AUSMDU00008494,76_548
AUSMDU00019839,76_548
ERR5355985,76_548
TEA_C4_89,76_548
TEA_WA17,76_548
AusGEM_01620,76_548
TEA_A3_58,76_548
SRR7724762,76_548
AusGEM_00007,76_548
TEA_E6007,26
AUSMDU00022565,26
TEA_E4970,26
TEA_E5633,26
TEA_TA097,26
TEA_A4_14,27
TEA_H1512651,27
AusGEM_00258,27
SRR14160943,27
AUSMDU00004837,27
AUSMDU00011487,27
SRR14160945,27
AusGEM_01870,27
SRR11886763,27
AusGEM_00158,27
AusGEM_00952,27
TEA_H1512653_1,27
TEA_W4_20,27
AusGEM_01030,27
SRR14160908,27
SRR14160825,27
SRR14160871,27
AusGEM_00698,27
AusGEM_00862,27
SRR14160799,27
TEA_W1_32,27
AusGEM_00194,27
SRR14160840,27
AusGEM_01529,27
AusGEM_00195,27
TEA_C4_21,27
SRR14160800,27
AusGEM_00930,27
AusGEM_00267,27
AusGEM_02040,27
AusGEM_01706,29_1156
TEA_A3_64,29_1156
TEA_E7553,29_1156
SRR14160844,29_1156
SRR14160850,29_1156
AusGEM_00884,29_1156
AusGEM_01966,29_1156
TEA_242_3_Brisbane,29_1156
AusGEM_01011,29_1156
TEA_6_14_8,29_1156
TEA_C1_61,29_1156
AusGEM_00993,29_1156
TEA_C3_19,29_1156
ERR5355706,29_1156
TEA_C4_24,29_1156
SRR14160895,29_1156
AusGEM_00857,29_1156
TEA_B1503,29_1156
AusGEM_00992,29_1156
AusGEM_00928,41
AusGEM_00923,41
TEA_B1814,41
TEA_H451,41
AUSMDU00021645,41
TEA_A2_2,41
AusGEM_01550,35
AusGEM_00894,35
TEA_B1801,35
AUSMDU00020291,35
SRR7724673,35
TEA_B1877,35
AusGEM_01549,35
AusGEM_00991,35
AusGEM_00953,35
AusGEM_00880,35
AUSMDU00026861,35
AusGEM_00957,35
TEA_B1830,35
TEA_B1951,35
AusGEM_00961,35
TEA_B952,14
AUSMDU00014365,14
TEA_E8784,33
AusGEM_00378,33
TEA_B148,33
TEA_B1685,33
AusGEM_01216,33
TEA_B1714,33
AusGEM_01964,33
TEA_YarraTap_3,33
TEA_E8483,33
AusGEM_01581,33
TEA_B1532,33
TEA_B544,33
AusGEM_01963,33
AusGEM_00594,33
TEA_A4_3,33
AusGEM_00541,33
AusGEM_01580,33
TEA_B1726,33
AusGEM_01269,33
AUSMDU00014331,33
AusGEM_00692,33
AusGEM_01579,33
AusGEM_01965,33
AusGEM_00944,6
AusGEM_00939,6
AusGEM_00976,6
AusGEM_00982,6
AusGEM_00984,6
AusGEM_00988,6
TEA_TA244,6
AusGEM_00989,6
AUSMDU00021417,6
AUSMDU00038299,6
AusGEM_00604,6
TEA_M608,6
AusGEM_01132,73_955
TEA_B1709,73_955
TEA_M558,73_955
TEA_C4_36,73_955
TEA_E8612,73_955
AusGEM_00811,73_955
AusGEM_01373,73_955
TEA_7_3_R4,73_955
AUSMDU00019216,73_955
TEA_A4_29,73_955
TEA_C4_39,73_955
AusGEM_00779,73_955
TEA_TA106,73_955
SRR11094158,73_955
AUSMDU00070152,73_955
TEA_1_3_Ti10,73_955
AUSMDU00026958,73_955
AusGEM_01323,73_955
ERR5355594,73_955
AUSMDU00008267,73_955
TEA_B1542,73_955
AusGEM_01241,73_955
AusGEM_01278,73_955
SRR11341640,62
AusGEM_01866,62
AusGEM_01490,62
SRR7724717,62
SRR7724606,62
AusGEM_01492,62
AusGEM_01491,62
TEA_E4206,62
TEA_E5260,62
TEA_H446,62
AusGEM_01493,62
AUSMDU00024067,62
AUSMDU00008666,62
AusGEM_01992,62
SRR7724768,62
AusGEM_01358,62
SRR11341631,62
TEA_H389,62
AusGEM_01814,62
AusGEM_01006,54
AusGEM_01629,54
AusGEM_01630,54
TEA_E2726,54
TEA_H656,54
AusGEM_01005,54
TEA_B1768,54
TEA_45_2_HU10,54
AusGEM_00924,54
AusGEM_00979,54
AusGEM_00990,54
TEA_45_7_HU9,54
AusGEM_00078,120
TEA_C4_53,120
TEA_A4_2,120
TEA_A3_57,120
AusGEM_00054,120
TEA_A4_12,120
TEA_C3_43,120
TEA_A4_9,120
AusGEM_00056,120
TEA_A4_32,120
AusGEM_00284,120
AusGEM_00451,120
TEA_C1_101,120
TEA_W3_72,120
TEA_A3_8,120
AusGEM_00285,120
TEA_C1_111,120
TEA_C2_68,120
TEA_C4_65,120
AusGEM_00250,120
AusGEM_00244,120
AusGEM_00834,120
AusGEM_00262,120
TEA_C2_94,120
AusGEM_01119,120
TEA_A3_9,120
AusGEM_00265,120
AusGEM_00242,120
TEA_A1_12,120
AusGEM_00243,120
AusGEM_00263,120
AusGEM_00266,120
TEA_C1_102,120
TEA_E7715,120
AusGEM_00247,120
AusGEM_00241,120
TEA_C2_115,120
AusGEM_00063,120
AusGEM_00571,86
AUSMDU00038484,86
AusGEM_00920,86
AUSMDU00055313,86
AusGEM_01020,86
AUSMDU00034708,86
AusGEM_00878,86
AusGEM_00904,86
AUSMDU00034565,86
AusGEM_00861,86
AusGEM_00909,86
AUSMDU00046812,86
TEA_E7112,86
AUSMDU00022928,86
AUSMDU00026288,86
AUSMDU00038261,86
AusGEM_00910,86
AUSMDU00026399,86
AusGEM_00883,86
AUSMDU00011129,86
AusGEM_00996,86
AUSMDU00025750,86
AUSMDU00027196,86
AUSMDU00011715,86
AusGEM_01033,86
AusGEM_00985,86
AUSMDU00067904,86
AusGEM_00872,86
AusGEM_00903,86
AusGEM_01016,86
AUSMDU00042431,86
AusGEM_00876,86
AusGEM_00911,86
AUSMDU00035560,86
AusGEM_01887,85
TEA_C4_2,85
AusGEM_01292,85
AusGEM_01861,85
ERR5355801,85
AusGEM_01572,85
TEA_16_3_C13,85
AusGEM_01555,85
ERR5355945,85
TEA_H572,85
AusGEM_01568,85
AusGEM_01287,85
TEA_16_4_Ti11,85
AusGEM_01556,85
TEA_67_4_Ti7,85
TEA_16_1_Ti5,85
AusGEM_01557,85
AusGEM_01558,85
SRR7724714,85
AusGEM_01389,85
AusGEM_01889,85
TEA_H1513216,85
AusGEM_01553,85
AusGEM_01567,85
TEA_16_5_Ti20,85
AUSMDU00020184,85
AusGEM_00975,85
TEA_16_2_Si18,85
AusGEM_01560,85
AusGEM_01559,85
AusGEM_01888,85
AusGEM_00726,36
AusGEM_01881,36
AUSMDU00010820,36
AusGEM_00583,36
AusGEM_01427,36
AUSMDU00030209,36
AUSMDU00031362,36
AusGEM_00387,36
TEA_POSS_24,36
AusGEM_01778,36
AusGEM_01189,36
AusGEM_00457,36
AUSMDU00034368,36
AusGEM_00484,36
AusGEM_01320,36
SRR6456004,36
AUSMDU00018291,36
AusGEM_00729,36
AUSMDU00026868,36
AusGEM_00062,36
TEA_B1704,36
AusGEM_00338,36
AusGEM_00423,36
AusGEM_00637,36
SRR7724800,36
AusGEM_00087,36
AusGEM_00725,36
AusGEM_00547,36
AusGEM_00548,36
SRR11612995,36
AUSMDU00026908,69
AUSMDU00015264,69
AUSMDU00008742,69
AUSMDU00006616,69
ERR5355672,69
TEA_E8085,69
AUSMDU00020038,69
TEA_E8492,69
AUSMDU00034380,69
AusGEM_01546,69
AusGEM_01305,69
AUSMDU00047233,69
AUSMDU00004839,69
AUSMDU00007302,69
AUSMDU00046911,69
AUSMDU00007976,69
TEA_B115,69
AUSMDU00023713,69
AUSMDU00051000,69
SRR11341593,69
AusGEM_00071,302_781_1077
TEA_C1_90,302_781_1077
TEA_B1675,302_781_1077
TEA_W4_40,302_781_1077
TEA_A4_27,302_781_1077
TEA_W3_63,302_781_1077
TEA_A2_46,302_781_1077
TEA_W3_2,302_781_1077
TEA_W4_68,302_781_1077
TEA_W2_78,302_781_1077
AusGEM_00272,302_781_1077
TEA_W4_1,302_781_1077
TEA_W4_8,302_781_1077
TEA_C2_53,302_781_1077
TEA_C3_39,302_781_1077
TEA_A3_70,302_781_1077
TEA_W1_66,302_781_1077
TEA_W4_48,302_781_1077
TEA_C3_40,302_781_1077
TEA_A3_31,302_781_1077
TEA_C1_38,302_781_1077
TEA_A2_59,302_781_1077
TEA_A1_33,302_781_1077
TEA_W2_4,302_781_1077
TEA_C4_52,302_781_1077
AusGEM_00057,302_781_1077
TEA_A2_8,302_781_1077
TEA_68_3_TC19,93
TEA_29_1_DC3,93
TEA_29_4_DC8,93
TEA_C3_59,93
AusGEM_00033,93
TEA_M290,93
TEA_TA277,93
TEA_71_2_Ti5,93
TEA_67_1_Ti13,93
SRR11094238,93
AusGEM_00021,93
AusGEM_00555,93
TEA_72_5_Ti14,93
TEA_25_3_ADC_20,93
TEA_M701,93
ERR5355591,93
TEA_25_2_DC7,93
TEA_70_3_Ti8,93
AusGEM_00463,93
AusGEM_01612,149
TEA_B1728,149
AusGEM_01595,149
AusGEM_01585,149
AusGEM_01587,149
AusGEM_01591,149
AusGEM_01584,149
AusGEM_01599,149
AusGEM_01611,149
AusGEM_01603,149
AusGEM_01589,149
AusGEM_01590,149
AusGEM_01607,149
AusGEM_01610,149
AusGEM_01601,149
AusGEM_01592,149
AusGEM_01598,149
AusGEM_01586,149
AusGEM_01604,149
AusGEM_01609,149
AusGEM_01588,149
AusGEM_01594,149
AusGEM_01608,149
AusGEM_01602,149
AusGEM_01597,149
AusGEM_01600,149
AusGEM_01593,149
AusGEM_01596,149
AusGEM_01606,149
AusGEM_01583,149
AusGEM_00466,66
AusGEM_01352,66
AusGEM_00426,66
SRR6456032,66
AusGEM_01351,66
AusGEM_01113,66
AusGEM_00427,66
AusGEM_00441,66
AusGEM_00667,66
TEA_63_2_TC7,66
AusGEM_00479,66
AusGEM_01986,66
AusGEM_00445,66
AusGEM_00670,66
AusGEM_00596,66
AusGEM_00602,66
AusGEM_00389,66
AusGEM_00473,66
TEA_60_1_Ti1,66
AusGEM_01112,66
AusGEM_01175,66
AusGEM_00349,66
AusGEM_01350,66
AusGEM_00428,66
TEA_TA265,66
AUSMDU00024951,66
AusGEM_01186,66
AusGEM_00476,66
AusGEM_00446,66
ERR5355644,123
SRR11094220,123
AusGEM_01774,123
AusGEM_00061,123
TEA_26_1_C13,123
TEA_TA085,123
AusGEM_00002,123
AusGEM_00100,123
TEA_TA112,123
TEA_B1333,123
AusGEM_01775,123
AusGEM_00066,123
TEA_TA089,123
AusGEM_01776,123
AusGEM_00044,123
TEA_E8797,123
AusGEM_01777,123
AusGEM_00118,123
SRR6456035,123
TEA_B771,123
AusGEM_00394,123
AusGEM_00110,123
AUSMDU00037412,60
AusGEM_01688,60
AUSMDU00008013,60
AusGEM_01690,60
AusGEM_01687,60
AUSMDU00019713,60
AusGEM_01689,60
AUSMDU00015804,60
AUSMDU00070151,60
AUSMDU00012722,60
AUSMDU00025499,60
TEA_H1513189,60
AUSMDU00019317,60
SRR11341636,60
AUSMDU00010803,60
AUSMDU00011341,60
AUSMDU00013140,60
AUSMDU00015604,60
AUSMDU00009525,60
AUSMDU00035530,60
TEA_E8487,115_925
AUSMDU00008274,115_925
AusGEM_00716,115_925
TEA_B1667,115_925
TEA_B1201,115_925
TEA_E6082,115_925
TEA_B1671,115_925
TEA_41_1_Ti9,115_925
TEA_B1785,115_925
TEA_E3885,115_925
SRR7724578,115_925
TEA_E8732,115_925
TEA_E5976,115_925
TEA_B050,115_925
AusGEM_01181,115_925
AusGEM_00539,115_925
TEA_41_2_Ti13,115_925
TEA_C1_13,65_1225_1364
SRR8767496,65_1225_1364
TEA_H375,65_1225_1364
AusGEM_01356,65_1225_1364
TEA_CD_59_LN,65_1225_1364
TEA_C2_14,65_1225_1364
TEA_A2_49,65_1225_1364
SRR7724841,65_1225_1364
TEA_A1_1,65_1225_1364
TEA_59_1_AC3,65_1225_1364
AUSMDU00040257,65_1225_1364
TEA_H529,65_1225_1364
AUSMDU00021896,70_572_880_1404
AUSMDU00021667,70_572_880_1404
SRR7724604,70_572_880_1404
AUSMDU00015708,70_572_880_1404
AUSMDU00008202,70_572_880_1404
SRR7724706,70_572_880_1404
SRR11094241,70_572_880_1404
AUSMDU00019231,70_572_880_1404
SRR11341651,70_572_880_1404
AUSMDU00012782,70_572_880_1404
SRR7724836,70_572_880_1404
SRR7724595,70_572_880_1404
AUSMDU00007566,70_572_880_1404
AUSMDU00024021,70_572_880_1404
SRR11341649,70_572_880_1404
SRR11341656,70_572_880_1404
SRR7724730,70_572_880_1404
SRR7724597,70_572_880_1404
AUSMDU00021683,70_572_880_1404
SRR14160880,193_251_293_1022
TEA_MISC_766,193_251_293_1022
AusGEM_01806,193_251_293_1022
TEA_B386,193_251_293_1022
TEA_B894,193_251_293_1022
AUSMDU00025031,193_251_293_1022
AusGEM_01832,193_251_293_1022
SRR14160876,193_251_293_1022
TEA_B226,193_251_293_1022
TEA_B596,193_251_293_1022
AusGEM_01831,193_251_293_1022
TEA_TA110,193_251_293_1022
TEA_E2048,193_251_293_1022
TEA_B1654,193_251_293_1022
AUSMDU00014314,16
AUSMDU00014389,16
AusGEM_01734,214_941
AusGEM_01015,214_941
AusGEM_01719,214_941
AusGEM_01730,214_941
AusGEM_01738,214_941
AusGEM_01724,214_941
SRR11341601,214_941
TEA_A4_35,214_941
AusGEM_01727,214_941
AusGEM_01733,214_941
AusGEM_01004,214_941
AusGEM_01720,214_941
AusGEM_01732,214_941
AusGEM_01862,214_941
AusGEM_01718,214_941
AusGEM_01726,214_941
AusGEM_01722,214_941
AusGEM_01723,214_941
AusGEM_01728,214_941
AusGEM_01729,214_941
AusGEM_01725,214_941
AusGEM_01721,214_941
AusGEM_00837,38
TEA_E8610,38
AusGEM_00800,38
AusGEM_01311,38
TEA_18_2_AC4,38
AUSMDU00070149,38
TEA_E2524,38
TEA_18_1_DC10_redo,38
TEA_E5955,38
TEA_E7618,38
AusGEM_01096,38
TEA_A3_45,38
AUSMDU00008534,91
TEA_E2893,91
TEA_E4726,91
AusGEM_01117,91
TEA_33_3_R3,91
TEA_E9802,91
TEA_E9465,91
AUSMDU00008264,91
TEA_E5631,91
SRR7724794,91
TEA_E8383,91
TEA_E9783,91
TEA_TA246,91
ERR5355720,91
TEA_51_1_Ti1,91
SRR7828692,40
AUSMDU00032553,40
AUSMDU00016509,40
ERR5355962,40
AusGEM_01231,40
AusGEM_01420,40
AUSMDU00008271,40
AusGEM_01168,40
SRR6456050,40
AusGEM_01877,40
AusGEM_00840,40
AusGEM_00358,40
AusGEM_01875,40
AUSMDU00021867,40
AUSMDU00016143,40
SRR4067470,40
ERR5355930,40
AUSMDU00007850,40
AusGEM_01876,40
ERR5355836,40
SRR14160853,68
ERR5355762,68
TEA_36_1_Ti13,68
TEA_M549,68
AusGEM_00544,68
AusGEM_00009,68
AusGEM_00117,68
TEA_36_1_TC9,68
AusGEM_00091,68
AusGEM_01283,68
SRR14160869,68
AusGEM_00055,68
AusGEM_00090,68
AusGEM_01158,68
SRR14160859,68
AusGEM_00108,68
AusGEM_00006,68
AusGEM_00064,68
AusGEM_00048,68
AusGEM_00893,92_635
AusGEM_01265,92_635
TEA_A4_50,92_635
TEA_A3_23,92_635
TEA_C1_10,92_635
TEA_A3_67,92_635
AUSMDU00070165,92_635
TEA_B1937,92_635
AusGEM_01245,78
AusGEM_01192,78
TEA_13_3_TC6,78
AusGEM_01205,78
SRR13236434,78
AusGEM_01195,78
AusGEM_01414,78
TEA_72_6_Ti12,78
TEA_13_1_C11,78
AusGEM_01985,78
AusGEM_00391,78
AusGEM_00390,78
TEA_E7603,78
TEA_13_2_TC5,78
AusGEM_01244,78
AUSMDU00016018,78
AusGEM_01407,78
AusGEM_01388,78
TEA_32_1_DC18,78
TEA_69_1_Ti1,78
TEA_69_1_AU1_1,78
TEA_69_1_TC1,78
TEA_70_2_Ti12,78
TEA_E4906,67
ERR5355661,67
TEA_B1544,67
AUSMDU00008507,67
AusGEM_01627,67
ERR5355693,67
AusGEM_01626,67
AusGEM_01628,67
SRR11080158,67
AUSMDU00019677,67
SRR14160815,67
TEA_E5938,67
AUSMDU00048293,32
TEA_H336,32
AUSMDU00042569,32
ERR5355596,32
TEA_H354,32
AusGEM_01423,32
TEA_H071,32
TEA_17_2_DC14,32
TEA_H615,32
TEA_H719,32
TEA_H396,32
TEA_2H_474_1b,32
ERR5355616,32
TEA_17_1_R20,32
AusGEM_02028,32
AUSMDU00042174,32
AUSMDU00036226,32
TEA_2H_273_2,32
AusGEM_01213,32
AusGEM_01408,56
AusGEM_01191,56
AusGEM_00801,56
ERR5355671,56
AusGEM_01166,56
AusGEM_01879,56
AusGEM_01190,56
AusGEM_00745,56
TEA_45_3_DC2,56
AusGEM_01271,56
TEA_H176,56
AusGEM_01319,56
AusGEM_01334,56
AusGEM_01134,56
ERR5355859,56
AusGEM_00845,56
AusGEM_01880,56
AusGEM_01147,56
ERR5355737,56
AusGEM_00208,165
TEA_A4_5,165
TEA_A1_30,165
AusGEM_00424,165
TEA_C3_30,165
TEA_W2_50,165
AUSMDU00008502,165
AusGEM_00643,165
TEA_C1_46,165
TEA_A3_5,165
TEA_W4_36,165
TEA_W4_34,165
TEA_W2_51,165
AusGEM_00535,165
AusGEM_00220,165
AusGEM_00523,165
AusGEM_00524,165
AusGEM_00219,165
TEA_W2_56,165
TEA_W3_35,165
AusGEM_00612,135
SRR7724609,135
SRR4067430,135
AusGEM_01824,135
AusGEM_01818,135
SRR7724611,135
AusGEM_01820,135
AusGEM_01821,135
SRR7724592,135
AusGEM_01816,135
AusGEM_01822,135
AusGEM_01823,135
AusGEM_01817,135
AusGEM_01819,135
AusGEM_01815,135
SRR7724617,135
ERR5355590,89
SRR11341641,89
TEA_20_3_TC12,89
TEA_20_2_TC13,89
TEA_TA341,89
AUSMDU00066087,89
TEA_Soil_5,89
TEA_20_1_TC6,89
TEA_Soil_2,89
AUSMDU00032663,90
AusGEM_00605,90
AusGEM_01917,90
AUSMDU00030895,90
AusGEM_01375,90
AUSMDU00048779,90
AUSMDU00040126,90
AUSMDU00018644,90
TEA_B1735,90
AUSMDU00004541,90
AUSMDU00003579,90
AUSMDU00026935,90
AusGEM_00606,90
AUSMDU00056419,90
SRR11355614,58
TEA_TA401,58
TEA_E2590,58
AusGEM_00958,58
TEA_E4980,58
TEA_E2051,58
TEA_E5476,58
TEA_E5493,58
AusGEM_00533,37
TEA_E2469,37
SRR7612197,37
TEA_E4766,37
TEA_62_4_Si7,37
AusGEM_01790,270
AusGEM_01786,270
AusGEM_01792,270
AusGEM_01787,270
AusGEM_01784,270
AusGEM_01801,270
AusGEM_01794,270
AusGEM_01782,270
AusGEM_01793,270
AusGEM_01799,270
AusGEM_01800,270
AusGEM_01783,270
AusGEM_01788,270
AusGEM_01791,270
AusGEM_01789,270
AusGEM_01798,270
AusGEM_01785,270
AusGEM_01796,270
AusGEM_01797,270
TEA_A1_14,233
AusGEM_00037,233
AusGEM_00011,233
AusGEM_00038,233
AusGEM_00046,233
TEA_C4_56,233
AusGEM_00027,233
AusGEM_00015,233
AusGEM_00093,233
AusGEM_00049,233
AusGEM_00014,233
AusGEM_00052,233
AusGEM_00045,233
TEA_A1_29,233
AusGEM_00292,233
AusGEM_00041,233
AusGEM_00069,233
AusGEM_00012,233
AusGEM_00136,104
TEA_B1288,104
TEA_W3_33,104
SRR6456029,104
AusGEM_00135,104
AusGEM_00138,104
TEA_C4_32,104
AusGEM_00160,104
AusGEM_00161,104
AusGEM_00137,104
AUSMDU00004618,50
SRR11613025,50
AusGEM_00443,50
AusGEM_00959,50
TEA_E9207,50
TEA_H621,63
AUSMDU00025599,63
AusGEM_01675,63
AusGEM_00787,63
AusGEM_00076,375_399
AusGEM_00273,375_399
AusGEM_00109,375_399
AusGEM_00077,375_399
AusGEM_00279,375_399
AusGEM_00275,375_399
AusGEM_00278,375_399
AusGEM_00274,375_399
AusGEM_00276,375_399
AusGEM_00283,375_399
AusGEM_00281,375_399
TEA_A2_22,375_399
AusGEM_00277,375_399
AusGEM_00043,375_399
AusGEM_00084,375_399
AusGEM_01577,88
SRR11341646,88
AusGEM_00478,88
AusGEM_01574,88
AUSMDU00035563,88
AusGEM_01576,88
AusGEM_01573,88
AUSMDU00026939,88
AUSMDU00019176,88
AusGEM_01578,88
AUSMDU00039614,88
TEA_B1548,88
AusGEM_01575,88
AUSMDU00041598,39
AUSMDU00020619,39
SRR8426578,39
SRR8426584,39
AUSMDU00040329,39
AUSMDU00040708,39
AUSMDU00031162,39
SRR8426585,39
SRR8426579,39
SRR8426581,39
SRR8426577,39
SRR8426582,39
AUSMDU00032111,39
AusGEM_00119,51
AUSMDU00014346,51
TEA_W1_36,51
ERR5355660,51
TEA_E2075,51
AusGEM_00871,103
AusGEM_00881,103
SRR14160900,103
AusGEM_01679,103
AusGEM_00902,103
AusGEM_00870,103
SRR14160942,103
SRR14160940,103
TEA_E8621,52
AUSMDU00045885,52
AusGEM_00694,52
TEA_58_2_AC1,52
TEA_E3317,52
AusGEM_01276,52
AusGEM_01699,1407
AUSMDU00064954,1407
AusGEM_01702,1407
AusGEM_01703,1407
AusGEM_01698,1407
AusGEM_01693,1407
AusGEM_01701,1407
AusGEM_01692,1407
AusGEM_01705,1407
AusGEM_01704,1407
AusGEM_01700,1407
AusGEM_01697,1407
AusGEM_01695,1407
ERR5355728,1407
AusGEM_01696,1407
AusGEM_01691,1407
AusGEM_01694,1407
AusGEM_01830,271
AusGEM_01828,271
SRR6456011,271
SRR7724826,271
TEA_E9790,271
AusGEM_01829,271
AusGEM_00994,271
TEA_Hunter,271
SRR7724839,271
TEA_H317,271
AusGEM_00966,271
TEA_Bris_2W,271
AusGEM_00003,79
ERR5355903,79
TEA_TA204,79
TEA_TA256,79
AusGEM_01363,79
TEA_B1077,79
AusGEM_01018,116
AUSMDU00034264,116
AusGEM_01012,116
SRR7724737,116
TEA_A2_31,780_792
TEA_C2_58,780_792
TEA_W3_61,780_792
TEA_W1_67,780_792
TEA_A2_33,780_792
TEA_C1_89,780_792
TEA_C4_48,780_792
TEA_W1_69,780_792
TEA_A4_28b,780_792
TEA_A2_32,780_792
TEA_C1_1,780_792
TEA_W4_59,780_792
TEA_A1_20,780_792
TEA_E2711,225
TEA_E9432,225
TEA_E2095,225
ERR5355831,225
TEA_E8272,225
AusGEM_01530,225
TEA_Hinze_Dam1,225
SRR6455983,225
TEA_GOOG6,225
ERR5355832,80
TEA_W4_30,80
AusGEM_00418,80
TEA_E7207,80
TEA_E9182,80
AUSMDU00020281,80
TEA_A1_31,80
TEA_E5548,80
TEA_POSS_71,96_661
AusGEM_01138,96_661
TEA_H1513191_2,96_661
TEA_E2814,96_661
AusGEM_01141,96_661
AusGEM_00818,96_661
TEA_B1716,96_661
TEA_B1708,96_661
ERR5355874,96_661
SRR6455975,157
TEA_A2_30,157
AusGEM_01514,157
AusGEM_01236,157
TEA_C2_93,157
TEA_A2_7,157
TEA_W2_75,157
SRR6455979,157
ERR5355941,157
AusGEM_00032,157
TEA_TA478,157
TEA_C4_41,157
TEA_H034,132
SRR11094223,132
TEA_CD_59_LN3,132
TEA_3_1_AU1,132
TEA_H157,132
TEA_H418,132
TEA_57_2_DC4,132
TEA_H075,132
SRR11355590,59
TEA_B045,59
AusGEM_01968,59
AusGEM_01442,59
TEA_C2_38,107
AUSMDU00015265,107
TEA_C4_19,107
TEA_E3094,173
TEA_E9213,173
AusGEM_00578,173
TEA_2H_327_20,173
TEA_E2516,173
TEA_E4486,173
AusGEM_00579,173
TEA_E8769,173
SRR14160904,94
AusGEM_00415,94
AusGEM_01582,94
AusGEM_00950,94
TEA_C2_41,94
TEA_A4_57,94
SRR7724669,94
AusGEM_01024,94
AusGEM_00999,94
ERR5355580,53
AUSMDU00019362,53
AUSMDU00037482,53
ERR5355908,53
TEA_H352,53
AusGEM_00788,53
TEA_H366,53
ERR5355850,53
AusGEM_00777,53
ERR5355617,53
TEA_H038,53
TEA_A2_40,125
AusGEM_00715,125
TEA_A3_17,125
TEA_A4_37,125
SRR7724725,125
AusGEM_01052,125
TEA_C3_22,125
AusGEM_01050,125
AusGEM_01552,125
TEA_A2_5,125
AusGEM_00156,125
TEA_E2029,138
TEA_E2035,138
SRR11886750,138
AusGEM_01209,138
TEA_E2032,138
TEA_SYD_1_2,138
TEA_B1832,138
SRR11613023,138
AusGEM_01411,140
AUSMDU00038961,140
TEA_CD_1_IM3,140
TEA_E4259,140
SRR11094224,140
AUSMDU00049263,140
TEA_B620,140
AUSMDU00056690,140
AusGEM_00408,133
SRR11947108,133
SRR7724573,133
SRR11355617,183
SRR11355596,183
TEA_29_2_DC4,183
SRR11355595,183
SRR11355593,183
SRR11355607,183
SRR11355597,183
AusGEM_01300,183
TEA_E5623,183
SRR11355604,183
SRR11355610,183
AusGEM_00569,1021_1244_1299_1348
SRR7724825,1021_1244_1299_1348
TEA_B868,1021_1244_1299_1348
AusGEM_00005,1021_1244_1299_1348
TEA_B1867,1021_1244_1299_1348
TEA_B1914,1021_1244_1299_1348
SRR6455953,1021_1244_1299_1348
TEA_B1912,1021_1244_1299_1348
TEA_B1940,1021_1244_1299_1348
TEA_H1512649,154
TEA_H1508309,154
AUSMDU00004997,154
AusGEM_01333,154
TEA_E2508,163
AUSMDU00008440,163
SRR14160934,163
AusGEM_00551,163
AusGEM_01849,163
SRR11947106,163
TEA_B194,163
TEA_E5562,163
AusGEM_00532,163
TEA_43_2_R17,163
TEA_E7242,184
TEA_TA448,184
TEA_TA309,184
TEA_E9472,184
AUSMDU00015686,184
AusGEM_00375,184
SRR11094171,184
TEA_E5753,144
TEA_E2079,305_1047
SRR4067477,305_1047
TEA_E8848,305_1047
TEA_A4_33,305_1047
TEA_E8856,305_1047
AusGEM_01457,305_1047
TEA_A3_62,305_1047
AusGEM_01716,169
SRR11341627,169
TEA_E5448,169
SRR11341652,169
SRR11341648,169
SRR7724727,81
AusGEM_00877,164
AusGEM_00869,164
AusGEM_00863,164
AusGEM_00962,164
TEA_E2878,164
AusGEM_00858,164
TEA_B1191,175
TEA_E6062,175
AusGEM_00360,175
TEA_E2427,175
TEA_E1215,121
TEA_B778,121
AUSMDU00014364,30
AUSMDU00014337,30
AusGEM_00613,147
TEA_8_3_Ti3_redo,113
TEA_8_3_DC15,113
AUSMDU00036958,113
AUSMDU00031002,113
AUSMDU00036962,113
SRR9903508,113
AUSMDU00042794,148
AUSMDU00034397,148
AusGEM_00642,148
AusGEM_00357,148
AusGEM_00167,319
AusGEM_00200,319
AusGEM_00145,319
AusGEM_00291,319
AusGEM_00337,319
AusGEM_00211,319
AusGEM_00234,319
AusGEM_00260,319
AusGEM_00189,319
AusGEM_00351,323
AusGEM_01834,323
SRR6455981,323
AusGEM_00588,323
AusGEM_01835,323
AusGEM_01836,323
AusGEM_00581,323
AusGEM_01837,323
SRR11341596,323
TEA_E5993,152
AusGEM_01250,152
TEA_TA348,152
TEA_CD_57_LN,152
TEA_TA450,152
AusGEM_01111,102
AusGEM_01130,102
AusGEM_01398,102
TEA_H025,114
AusGEM_00797,114
AusGEM_00363,156
AUSMDU00011358,156
AusGEM_01229,159
TEA_15_5_C3,159
TEA_B004,159
TEA_15_7_TC2,159
SRR11094155,159
AUSMDU00046697,159
AusGEM_00781,159
TEA_C16,159
AUSMDU00065821,223
AUSMDU00007347,223
AUSMDU00065857,223
AUSMDU00019325,223
AUSMDU00036966,223
SRR11094215,223
AUSMDU00063030,223
AUSMDU00063887,223
TEA_E8416,112
TEA_E7562,112
TEA_B476,153
SRR7724696,106
SRR7724726,106
SRR7724791,106
AusGEM_01564,322
AusGEM_01571,322
AusGEM_01570,322
AusGEM_01566,322
AusGEM_01565,322
AusGEM_01561,322
AusGEM_01569,322
TEA_W2_77,282
TEA_C1_95,282
TEA_B706,282
TEA_W3_59,282
AusGEM_00419,282
TEA_W4_55,282
SRR11094167,190
AUSMDU00035849,190
AUSMDU00044651,190
AusGEM_00236,190
AUSMDU00008498,190
ERR5355913,190
AUSMDU00008258,190
AusGEM_01077,95
TEA_1330_2_1_WA_Bloom,95
AusGEM_01091,95
TEA_B1009,95
TEA_B1049,328
TEA_B1818,328
TEA_W1_80,328
TEA_W1_79,328
AusGEM_00567,98
AusGEM_00632,98
TEA_E8496,216
TEA_E8488,216
AusGEM_01179,82
ERR5355790,82
SRR6455991,82
AusGEM_01152,82
AusGEM_00615,82
AusGEM_00398,82
TEA_H246,82
SRR11341620,200
AUSMDU00022280,200
AUSMDU00047256,200
AUSMDU00048805,200
AUSMDU00013972,200
TEA_2H_315_15,247
AusGEM_01678,247
AUSMDU00021615,247
TEA_B1763,158
TEA_B564,158
TEA_TA361,117
AusGEM_01916,71
AusGEM_01317,71
TEA_C2_5,131
AusGEM_01825,131
AusGEM_01838,131
AusGEM_01674,97
AusGEM_01309,97
AusGEM_01379,97
AusGEM_01246,97
AusGEM_01367,97
TEA_M578,97
AusGEM_01313,97
AusGEM_00416,210
AusGEM_00379,210
AusGEM_00483,210
AusGEM_00433,210
AusGEM_00630,211
TEA_B264,211
TEA_B1719,211
AUSMDU00040857,186
AUSMDU00039106,186
AusGEM_01439,186
TEA_C4_97,337
SRR6455997,337
TEA_B313b,337
TEA_B1804,337
AusGEM_01840,337
ERR5355603,337
TEA_B1837,285
TEA_TA349,285
TEA_51_6_R16,285
TEA_51_7_R18,285
TEA_51_2_R1,285
TEA_51_3_R19,285
TEA_E4478,421_788
TEA_B1809,421_788
TEA_B1889,421_788
AusGEM_00915,421_788
TEA_A3_48,256
TEA_B1636,256
TEA_C3_7,256
TEA_58_3_Ti7,127
TEA_H242,127
AusGEM_00206,64
TEA_C1_15,64
SRR6049563,55
AUSMDU00036956,55
SRR6049564,55
SRR9903352,55
ERR5355883,340
TEA_E3340,340
TEA_E5897,340
TEA_H647,198
AusGEM_01859,198
SRR7724777,198
AusGEM_01047,1218
AusGEM_01046,1218
AusGEM_01045,1218
AusGEM_01048,1218
AusGEM_00380,1218
AusGEM_01044,1218
AUSMDU00031055,479
AUSMDU00037794,479
AUSMDU00018949,479
AUSMDU00024536,479
AUSMDU00014016,479
AUSMDU00041898,479
AusGEM_00913,304
AusGEM_00934,304
AusGEM_00905,304
TEA_E2074,222
AusGEM_00382,222
TEA_B977,111
TEA_E9650,111
AusGEM_00912,208
AUSMDU00034387,61
AUSMDU00015829,61
TEA_E4942,1408
TEA_E4931,1408
TEA_E7591,1408
TEA_POSS_70,1408
TEA_E5795,1408
TEA_E7727,1408
TEA_B1565,460
AusGEM_00819,460
TEA_11_1_Ti6,460
TEA_E8707,460
TEA_B1598,460
SRR4067489,273
TEA_H492,273
TEA_2H_255_4,273
TEA_H495,273
SRR4067432,273
SRR14160820,314
SRR14160819,314
SRR14160872,314
TEA_H1513183,274
AUSMDU00017735,274
TEA_TA447,274
TEA_H019,248
AUSMDU00065219,248
TEA_H483,248
TEA_H482,248
TEA_H484,248
AUSMDU00017152,1094
AUSMDU00039450,1094
AUSMDU00030114,1094
AUSMDU00032107-B,1094
AUSMDU00037358,1094
SRR14160896,307
SRR14160889,307
SRR14160874,307
AusGEM_01489,603
AUSMDU00011328,603
AUSMDU00044083,603
AUSMDU00009215,603
AUSMDU00037873,603
TEA_B1694,446
TEA_B1956,446
AUSMDU00034394,446
AusGEM_01230,446
TEA_B1684,446
TEA_M651,100
TEA_TA149,100
TEA_E9303,100
AUSMDU00045873,168
TEA_W2_87,168
AUSMDU00024679,315
AusGEM_00381,315
TEA_E2549,315
TEA_M528,315
AusGEM_01303,315
AusGEM_01116,406
AusGEM_01264,406
ERR5355645,406
TEA_B339,406
AusGEM_01223,406
AusGEM_00856,1409
AusGEM_00942,1409
AusGEM_00853,1409
AusGEM_00941,1409
AusGEM_00940,1409
SRR7724646,350
AusGEM_01391,350
SRR7724745,350
AUSMDU00070161,350
TEA_DMG_2015_G1,528
TEA_DMG_2015_G3,528
TEA_DMG_2015_G2,528
TEA_E9866,528
ERR5355901,854
SRR6455973,854
SRR11341661,854
SRR11341660,854
ERR5355774,388
AUSMDU00026938,388
AUSMDU00018662,388
AUSMDU00010072,388
AusGEM_00004,385
AUSMDU00035869,385
AUSMDU00020276,385
AUSMDU00035685,284
AusGEM_01805,284
TEA_E5183,344
TEA_E5381,461
TEA_E5405,461
TEA_E2851,461
TEA_E5359,461
TEA_TA421,287
TEA_B1098,287
AusGEM_00918,590
AusGEM_00965,590
AusGEM_00955,590
AusGEM_00922,590
AusGEM_01780,327
AusGEM_01779,327
TEA_E9872,297
AusGEM_00447,84
AusGEM_01681,620
AusGEM_01682,620
AusGEM_01680,620
AusGEM_01683,620
TEA_7_14_6A,179
AusGEM_01237,180
AusGEM_00506,180
ERR5355751,180
TEA_E4453,180
TEA_E7041,440_1212
TEA_H515,109
TEA_E8659,139
TEA_E5948,139
AusGEM_00977,268
AusGEM_01009,268
TEA_A3_18,212
AusGEM_01813,212
AUSMDU00055337,404
TEA_E7648,404
AusGEM_00098,191
AusGEM_00097,191
TEA_E7143,1410
TEA_E7641,1410
TEA_E5627,1410
TEA_E6705,1410
AusGEM_00201,1411
AusGEM_00199,1411
AusGEM_00198,1411
AusGEM_00122,1411
AUSMDU00014390,178
TEA_37_2_AC20,178
TEA_A4_16,281
TEA_C3_37,281
TEA_C3_36,281
TEA_W1_2,786
TEA_C2_16,786
SRR4067478,786
TEA_67_3_Ti10,367
TEA_25_1_ADC_2,367
TEA_72_4_Ti9,367
SRR14160931,380
AusGEM_00897,380
AusGEM_00900,380
TEA_B996,298
TEA_E5628,298
AusGEM_01102,298
AusGEM_01330,316
ERR5355929,316
TEA_B1697b,316
AusGEM_00943,486
TEA_B1751,486
AusGEM_00864,425
AUSMDU00015580,230
AUSMDU00042167,1060
AUSMDU00007416,1060
AUSMDU00022714,1060
AusGEM_01804,1069
AusGEM_01803,1069
AusGEM_01802,1069
AUSMDU00008614,581
AUSMDU00026853,581
AUSMDU00037492,581
AusGEM_00550,321
AusGEM_00906,368
ERR5355640,300
SRR7724637,485
AusGEM_01808,485
AusGEM_01807,485
TEA_E4735,627
TEA_E2844,627
TEA_E4762,627
TEA_H400,374
SRR14160914,213
SRR14160925,213
SRR14160829,213
AUSMDU00014291,87
AUSMDU00014371,87
AUSMDU00044368,471
TEA_E5895,336
AusGEM_00816,336
TEA_E6003,336
TEA_M1198,188_649
TEA_TA098,403
TEA_H578,403
TEA_M028,403
TEA_POSS_78,381
TEA_POSS_67,381
TEA_POSS_76,381
TEA_Soil_1,1289
TEA_Soil_4,1289
TEA_Soil_3,1289
AusGEM_01731,389
TEA_H315,310
TEA_H472,310
TEA_M1213b,495
TEA_E8599,405
TEA_E9693,1412
TEA_POSS_88,1412
TEA_M540,1412
TEA_M1115,1413
TEA_M1025,1413
TEA_E4679,1413
TEA_A2_47,1414
TEA_C3_10,1414
TEA_C3_11,1414
TEA_14_1_R13,1415
TEA_14_4_DC7,1415
TEA_14_2_R14,1415
SRR14160821,1416
SRR14160910,1416
SRR14160817,1416
SRR11355612,1417
SRR11355611,1417
SRR11355613,1417
SRR11355615,1418
SRR11355586,1418
SRR11355589,1418
TEA_B1827,1419
SRR11094183,1419
TEA_71_1_AC1,1419
AusGEM_01845,1420
AusGEM_01844,1420
AusGEM_01846,1420
AusGEM_01811,1421
AusGEM_01810,1421
AusGEM_01809,1421
AusGEM_01520,1422
TEA_E9180,1422
TEA_B1895,1422
TEA_B1939,396
AusGEM_00157,396
TEA_A2_58,500
AusGEM_01296,500
AUSMDU00032222,753
AUSMDU00035516,753
TEA_E8619,758
TEA_B1246,758
TEA_TA258,522
TEA_H522,522
SRR11612999,143
TEA_W3_73,777
TEA_W2_83,777
TEA_B1757,778
TEA_B1857,778
TEA_B1815,779
TEA_B1803,779
TEA_TA137,782
TEA_TA338,782
TEA_C2_12,783
TEA_C2_18,783
TEA_C2_44,784
TEA_C2_46,784
TEA_B1868,789
TEA_C1_79,789
TEA_TA031,794
TEA_TA029,794
TEA_TA052,795
TEA_M555,795
TEA_E2042,796
TEA_E2039,796
TEA_C1_110,801
TEA_E8792,801
ERR4254572,108
AusGEM_00888,339
AusGEM_01781,339
TEA_W3_57,819
TEA_W3_58,819
TEA_B1899,815_824
SRR14160939,238
TEA_E2848,238
TEA_TA120,253
TEA_TA132,253
TEA_66_1_AC1,531
TEA_E2558,531
TEA_M1020,224
TEA_E7861,224
AusGEM_01868,861
AusGEM_01869,861
TEA_B1930,269
AusGEM_00890,269
AusGEM_01126,249
SRR4067481,249
TEA_B1783,890
TEA_M094,890
AusGEM_01428,895
AusGEM_01851,895
TEA_47_4_R1,914
TEA_E9567,914
TEA_B1864,932
TEA_B1859,932
TEA_H1512653_2,957
TEA_E2476,957
AUSMDU00023314,372
AusGEM_00669,372
AusGEM_00251,571
AusGEM_00252,571
AUSMDU00055914,194
AUSMDU00041640,194
AUSMDU00059402,585
AusGEM_00080,585
TEA_E4770,288
TEA_73_1_Si1,288
AusGEM_01079,199
SRR11613021,199
TEA_56_4_R1,608
TEA_56_3_AC1,608
TEA_B811,201
SRR11947112,181
AUSMDU00044049,971_1144
TEA_E7411,341
TEA_E7564,341
TEA_B531,455
TEA_TA317,455
TEA_E9319,234
AusGEM_00866,1173
AusGEM_00917,1173
TEA_H549,619
AusGEM_00053,619
TEA_E2810,431_1185
SRR14160918,462
SRR14160926,462
SRR7612198,48
AUSMDU00034371,974_1211
TEA_B250,266
TEA_E6249,378
AusGEM_01031,1241
AusGEM_00937,1241
AusGEM_00956,476
AusGEM_01008,476
AusGEM_00852,648
AusGEM_00875,648
AusGEM_01173,402
AusGEM_01131,402
TEA_B1045,698
AusGEM_00665,698
TEA_TA209,1401
TEA_E4963,1401
AusGEM_00556,513
SRR11094206,513
TEA_E8495,1423
TEA_E2845,1423
TEA_W3_67,1424
TEA_C4_42,1424
TEA_B547,1425
TEA_B764,1425
TEA_B1883,1426
TEA_B1928,1426
TEA_B1521,1427
TEA_E3628,1427
TEA_B1089,1428
TEA_E2025,1428
TEA_B103,1429
TEA_E2062,1429
TEA_A3_59,1430
TEA_A3_11,1430
TEA_7_14_27,1431
TEA_7_14_10,1431
TEA_54_1_Ti6,1432
TEA_54_1_TC4,1432
TEA_50_5_TCA1,1433
TEA_50_4_ACUA1,1433
SRR7724718,1434
SRR7724741,1434
SRR14160834,1435
SRR14160814,1435
SRR14160806,1436
SRR14160881,1436
SRR11355588,1437
SRR11355587,1437
SRR11355616,1438
SRR11355585,1438
SRR11094219,1439
ERR5355982,1439
AusGEM_01864,1440
AusGEM_01865,1440
AusGEM_01847,1441
AusGEM_01848,1441
AusGEM_01684,1442
AusGEM_01616,1442
AusGEM_01324,1443
TEA_E1426,1443
AusGEM_01347,1444
AusGEM_01220,1444
AusGEM_00960,1445
AusGEM_00980,1445
AusGEM_00347,1446
AusGEM_00348,1446
AusGEM_00249,1447
AusGEM_00248,1447
AusGEM_00025,1448
AusGEM_00026,1448
AUSMDU00005057,1449
TEA_H630,1449
ERR5355767,308
AusGEM_01841,356
TEA_B1850,514
AUSMDU00040856,712
TEA_E1460,714
AusGEM_00616,492
AUSMDU00008204,716
AusGEM_01354,718
AUSMDU00045967,415
AusGEM_00873,220
ERR5355653,449
SRR11094235,750
AUSMDU00037559,240
TEA_242_6_Brisbane,226
SRR14160920,393
AusGEM_01174,511
TEA_E6387,392
TEA_C1_3,252
TEA_E5008,767
AUSMDU00008433,299
AUSMDU00037930,525
SRR14160917,526
TEA_E6181,787
TEA_B1813,790
TEA_M802,791
TEA_B1730,793
TEA_E5953,42
TEA_47_1_TC4,797
AusGEM_01495,799
TEA_E9273,420
TEA_W2_28,257
TEA_2H_228_15,359
SRR11341622,816
AUSMDU00043769,530
AusGEM_00353,835
TEA_M493,847
TEA_E5129,535
SRR4067476,862
TEA_E2003,379
AusGEM_00974,373
TEA_E7147,538
AUSMDU00035404,904
TEA_E9796,916
AUSMDU00034620,927
AusGEM_01139,544
TEA_M655,943
SRR14160930,951
AUSMDU00036961,962
AusGEM_01827,966
TEA_E5629,975
AusGEM_00951,551
AusGEM_01248,989
TEA_TA146,554
TEA_E5636,555
TEA_POSS_03,559
TEA_R200,1004
AusGEM_01826,1037
AusGEM_01010,566
SRR14160816,1038
TEA_E7193,1042
TEA_47_3_R4,1045
TEA_B1825,1050
AusGEM_00115,434
AusGEM_00948,577
TEA_B1858b,582
AUSMDU00008639,1080
SRR14160927,1088
TEA_B1795,330
TEA_B1729,1093
TEA_H537,329
TEA_TA455,481
TEA_43_1_R3,185
SRR14160831,439
TEA_E7542,1113
AUSMDU00034796,366
TEA_E9855,468
AUSMDU00038878,442
AUSMDU00021673,604
SRR12844969,444
AUSMDU00038329,1128
SRR11080160,606
AusGEM_01204,371
ERR5355860,1150
AusGEM_01161,1166
TEA_E5203,456
TEA_E7180,616
TEA_E6649,1175
TEA_B1696,1182
TEA_B745,333
TEA_E4830,1217
AUSMDU00031899,411
TEA_C1_30,474
AusGEM_00954,1242
AusGEM_01017,1243
SRR11341617,1245
AUSMDU00036729,1259
TEA_E7253,1269
TEA_E7645,1300
TEA_B1734,490
SRR8767537,509
AusGEM_00617,664
AUSMDU00015715,243
AusGEM_01137,1329
AUSMDU00057153,347
TEA_B721,1337
AUSMDU00037150,239
TEA_H625,686
AUSMDU00040566,507
TEA_M992,693
AusGEM_01314,349
AusGEM_01104,407
TEA_E5456,1405
TEA_W4_61,1450
TEA_W3_17,1451
TEA_W2_79,1452
TEA_W2_31,1453
TEA_TA436,1454
TEA_TA423,1455
TEA_TA403,1456
TEA_TA383,1457
TEA_TA376,1458
TEA_TA373,1459
TEA_TA350,1460
TEA_TA326,1461
TEA_TA257,1462
TEA_TA224,1463
TEA_TA210,1464
TEA_TA161,1465
TEA_TA139,1466
TEA_TA111,1467
TEA_TA092,1468
TEA_TA078,1469
TEA_TA059,1470
TEA_POSS_84,1471
TEA_POSS_77,1472
TEA_POSS_59,1473
TEA_POSS_40,1474
TEA_POSS_33,1475
TEA_POSS_07,1476
TEA_M761,1477
TEA_M747,1478
TEA_M688,1479
TEA_M626,1480
TEA_M526,1481
TEA_M471,1482
TEA_M294,1483
TEA_H604,1484
TEA_H283,1485
TEA_H173,1486
TEA_H141,1487
TEA_E9890,1488
TEA_E9870,1489
TEA_E9644,1490
TEA_E9576,1491
TEA_E9427,1492
TEA_E9254,1493
TEA_E8811,1494
TEA_E8580,1495
TEA_E8279,1496
TEA_E7812,1497
TEA_E7188,1498
TEA_E7090,1499
TEA_E6389,1500
TEA_E6042,1501
TEA_E600,1502
TEA_E5939,1503
TEA_E5545,1504
TEA_E4712,1505
TEA_E4665,1506
TEA_E4068,1507
TEA_E3676,1508
TEA_E2873,1509
TEA_E2540,1510
TEA_E2521,1511
TEA_E2047,1512
TEA_E1358,1513
TEA_C4_8,1514
TEA_C4_38,1515
TEA_C2_22,1516
TEA_C2_19,1517
TEA_B948,1518
TEA_B749,1519
TEA_B486,1520
TEA_B472,1521
TEA_B271,1522
TEA_B1929,1523
TEA_B1927,1524
TEA_B1824,1525
TEA_B1820,1526
TEA_B1805,1527
TEA_B1784,1528
TEA_B1761,1529
TEA_B1749,1530
TEA_B1743,1531
TEA_B1737,1532
TEA_B172,1533
TEA_B1568,1534
TEA_B1317,1535
TEA_B1267,1536
TEA_A3_52,1537
TEA_A1_25,1538
TEA_6_14_6B,1539
TEA_42_1_R2,1540
SRR7724779,1541
SRR7724666,1542
SRR7724614,1543
SRR6456017,1544
SRR6455969,1545
SRR6455958,1546
SRR4067500,1547
SRR4067441,1548
SRR14160944,1549
SRR14160937,1550
SRR14160911,1551
SRR14160906,1552
SRR14160862,1553
SRR14160818,1554
SRR11886760,1555
SRR11886749,1556
SRR11613022,1557
SRR11355609,1558
SRR11355605,1559
SRR11355600,1560
SRR11355594,1561
SRR11355592,1562
SRR11355591,1563
SRR11341634,1564
SRR11094197,1565
ERR5355703,1566
AusGEM_01871,1567
AusGEM_01863,1568
AusGEM_01860,1569
AusGEM_01850,1570
AusGEM_01843,1571
AusGEM_01839,1572
AusGEM_01795,1573
AusGEM_01496,1574
AusGEM_01380,1575
AusGEM_01124,1576
AusGEM_01082,1577
AusGEM_01013,1578
AusGEM_00995,1579
AusGEM_00969,1580
AusGEM_00946,1581
AusGEM_00916,1582
AusGEM_00914,1583
AusGEM_00901,1584
AusGEM_00895,1585
AusGEM_00885,1586
AusGEM_00865,1587
AusGEM_00718,1588
AusGEM_00712,1589
AusGEM_00679,1590
AusGEM_00641,1591
AusGEM_00639,1592
AusGEM_00591,1593
AusGEM_00525,1594
AusGEM_00461,1595
AusGEM_00371,1596
AusGEM_00344,1597
AUSMDU00070145,1598
AUSMDU00063299,1599
AUSMDU00047005,1600
AUSMDU00046352,1601
AUSMDU00040867,1602
AUSMDU00037221,1603
AUSMDU00035220,1604
AUSMDU00034343,1605
AUSMDU00020449,1606
AUSMDU00019926,1607
AUSMDU00016537,1608
AUSMDU00015622,1609
AUSMDU00014366,1610
AUSMDU00013460,1611
AUSMDU00010772,1612
AUSMDU00008491,1613
AUSMDU00008418,1614
AUSMDU00008417,1615
AUSMDU00006610,1616
